Date,Strategy,BDP_Close
2021-04-01,0.03950931628204498,0.0135144717744917
2021-04-05,-0.0012078224772037495,-0.0144345910727714
2021-04-06,2.726353584007416e-05,0.0047313367813937
2021-04-07,0.0056135393729341496,0.0099762463064354
2021-04-08,0.024479064191794894,0.004860337641722
2021-04-09,0.017416143143028216,-0.0010768543431789
2021-04-12,-0.05562427580059537,-0.0403202758114447
2021-04-13,0.014851999844759677,0.0137435337992706
2021-04-15,0.011094267863573681,0.0041601899916301
2021-04-16,0.001011205050094107,0.0049461908633277
2021-04-19,-0.015325969149832034,-0.0180964808567903
2021-04-20,0.00516330212905629,-0.0018854950555817
2021-04-22,0.03180530101283742,0.0063613012761687
2021-04-23,0.006341746673003005,-0.0021049590037874
2021-04-26,-0.0035973268823503244,0.009141767712856
2021-04-27,0.013822750027124023,0.0118969139808278
2021-04-28,0.015310606261112088,0.0123399134686628
2021-04-29,-0.0045521310759386625,0.001371901863588
2021-04-30,-0.01065240413914301,-0.0129863880035572
2021-05-03,-0.001480539456554411,0.0023179843896652
2021-05-04,-0.013736238188397759,-0.007538322466096
2021-05-05,0.024531618379664638,0.0091313406911637
2021-05-06,-0.009934471085960895,0.007012816439365
2021-05-07,0.02075638131481058,0.0048513227340438
2021-05-10,0.08289864317964103,0.0086673223198923
2021-05-11,0.005784020016601622,-0.002042752565709
2021-05-12,0.025331635997812386,-0.008174324663294
2021-05-14,-0.03369422362840774,-0.0052959788621582
2021-05-17,0.03268806068565844,0.016034453331776
2021-05-18,-0.010798676151311236,0.0131665337839945
2021-05-19,0.0028772821697163643,-0.0023221669123494
2021-05-20,-0.005784278513937288,-0.0056449011566286
2021-05-21,0.004437930779760655,0.0140082302173312
2021-05-24,-0.0027468635854562117,0.0033970360653696
2021-05-25,0.00818341106018849,0.0001787981277074
2021-05-26,0.0005381836522965235,0.0045951140155093
2021-05-27,-0.004834811356245292,0.0032898766127484
2021-05-28,-0.014009988196945107,0.0035814263796012
2021-05-31,0.0010912721520298422,0.008434762659448
2021-06-01,-0.00703059112968934,-0.0010605466208316
2021-06-02,0.03171025070708341,0.0049337108380462
2021-06-03,0.001978779084221569,0.0079265275148061
2021-06-04,0.006822251005186553,0.0010289070303641
2021-06-07,0.04044226622361207,0.0063087074605363
2021-06-08,0.01890278528407946,0.0014729304185991
2021-06-09,-0.027154177413443836,-0.0074026752924195
2021-06-10,0.02000989798084675,0.009075086496918
2021-06-11,0.0015232271155954692,0.0035151646348516
2021-06-14,0.04381330413477013,-0.0006443728474614
2021-06-15,-0.013258693233414045,0.0038988386398672
2021-06-16,-0.011954483184297206,-0.0071214180084114
2021-06-17,-0.015140199979267445,-0.0063685298706078
2021-06-18,0.004474438880046122,-0.0029067496926048
2021-06-21,-0.00868622154777991,0.00519017670523
2021-06-22,-0.00014641529578118383,0.0028059097227828
2021-06-23,-0.007472939485468861,-0.0050735461775067
2021-06-24,-0.012521374011838955,0.0032178297702571
2021-06-25,0.0007737141626848849,0.0053376112546255
2021-06-28,0.004446382533743927,-0.0003515091707722
2021-06-29,0.007925710303068977,-0.0038721355613924
2021-06-30,-0.009380762604885098,-0.0004666301248398
2021-07-01,0.017555471808408787,-0.0015035113769732
2021-07-02,0.008120516534245325,0.0030040847713712
2021-07-05,0.001165451277368861,0.0067898879749896
2021-07-06,0.003581542262565116,-0.001038299720671
2021-07-07,0.01515083095245418,0.0039692525168049
2021-07-08,0.030994077048482494,-0.0075182600466539
2021-07-09,0.016498547353798944,-0.0001248763422466
2021-07-12,-0.009937752918596346,0.0015869168962543
2021-07-13,0.016919534137321373,0.0057261922420828
2021-07-14,0.05250431298387803,0.0021694913379359
2021-07-15,-0.028933845767776308,0.0040720402512945
2021-07-16,0.0004141732751585959,0.00149047679684
2021-07-19,-0.006173655037062277,-0.0089762024982985
2021-07-20,-0.0083994565339919,-0.0090311986863712
2021-07-22,0.026334057793992192,0.0130855562898271
2021-07-23,0.037769389411873314,0.0014112665036585
2021-07-26,0.0044859839508946285,-0.0008226141778837
2021-07-27,-0.013794693586444128,-0.0047881379876865
2021-07-28,0.0019798489027602634,-0.0021738458051331
2021-07-29,0.0065250313145588336,0.0049969974526926
2021-07-30,0.04105892834938706,0.0014127889392758
2021-08-02,0.013320418823048479,0.008527752545776
2021-08-03,-0.01054915840045316,0.0114944991132306
2021-08-04,0.004016653736763977,0.0023324382406315
2021-08-05,0.014672470516917318,0.0009279269599198
2021-08-06,-0.005570257409270731,-0.0017701404568947
2021-08-09,-0.002679893518480829,-0.0017323333495318
2021-08-10,-0.004273988816047555,-0.0031429928792482
2021-08-11,-0.02131074257301047,-0.0010503645981462
2021-08-12,0.022900483322390176,0.0070402708562478
2021-08-13,-0.013254500378370108,0.0064732628444961
2021-08-16,0.013861685181049388,0.000593949927788
2021-08-17,0.002563899496588128,0.0030331486189267
2021-08-18,-0.02150061175662695,-0.0015382411100609
2021-08-20,-0.01998385927011065,-0.0109353518292805
2021-08-23,-0.02652310302479258,-0.0007840037992644
2021-08-24,0.014222826189189106,0.0097297258297908
2021-08-25,0.008859544695242187,0.0021579000488565
2021-08-26,-0.005651066403850178,0.0007673639488674
2021-08-27,-0.00289457335130209,0.0061039252496248
2021-08-30,0.02452617380182078,0.0144586620968756
2021-08-31,-0.0012057798346570264,0.0110280981351529
2021-09-01,-0.0010366888303194274,-0.0002921348411576
2021-09-02,-0.0017283660676496865,0.0090959475056824
2021-09-03,-0.0010353184529703794,0.0049772886609271
2021-09-06,0.009634172917856433,0.0030730531123175
2021-09-07,-0.0026867747521286704,-0.001525454294716
2021-09-08,-0.004683766475569191,0.0010666870654632
2021-09-09,-0.0005699466246955724,0.0021650626806872
2021-09-13,-0.008930266438743933,0.0008777094832441
2021-09-14,0.006986565763101433,0.0035310369812955
2021-09-15,0.006616238183017927,0.0080232634151589
2021-09-16,0.004509562606826172,0.0051553702749933
2021-09-17,-0.03883210583790299,-0.0050922994891466
2021-09-20,-0.013412984802839563,-0.0133996202018477
2021-09-21,-0.0033280109720243184,0.0079777320647327
2021-09-22,0.011083889185625738,0.0032263330026647
2021-09-23,0.0036402602187607463,0.0142002817160102
2021-09-24,0.005012261356665957,-0.0010121834135885
2021-09-27,-0.00383744116252039,7.82256922973179e-05
2021-09-28,0.003495456631393883,-0.0063022627805195
2021-09-29,-0.004404822198386075,-0.0005243545836461
2021-09-30,0.0026607616851995254,-0.002514388771008
2021-10-01,0.002350446386597025,-0.0026849041296641
2021-10-04,0.01576390592615969,0.0112096080679353
2021-10-05,0.003886385347531783,0.0067238642501847
2021-10-06,-0.017220046885593837,-0.0094444353007012
2021-10-07,0.014886861712860739,0.0102867572746492
2021-10-08,0.0041352481162253655,0.0046905368173013
2021-10-11,-0.009202457310143875,0.0040740090499884
2021-10-12,0.008098376403118692,0.0035859064664514
2021-10-13,0.02226729067119836,0.0098172759364041
2021-10-14,0.005266993290626357,0.008761032228485
2021-10-18,-0.005252665305362949,0.0073469579774574
2021-10-19,-0.012666794248481609,-0.0080908640083398
2021-10-20,-0.01600881886336982,-0.0118524447437868
2021-10-21,0.004409414227265975,-0.0050982645468719
2021-10-22,-0.0038440138383638084,-0.0058115112486164
2021-10-25,-0.017995253592375943,-0.0041517253541826
2021-10-26,0.019788334131540977,0.010690272335897
2021-10-27,-0.012433040890334337,-0.0012691178880319
2021-10-28,-0.009978791407951453,-0.0189444042166
2021-10-29,-0.007924386680864575,-0.0069155508824509
2021-11-01,0.0017172493904090546,0.0141287506632947
2021-11-02,0.008448270053574281,0.0007398565664735
2021-11-03,0.01300300238574525,-0.0021140146810454
2021-11-04,0.004495763301282207,0.0062389974797876
2021-11-08,0.004030836426851345,0.0091568955890561
2021-11-09,0.003591340060436656,0.0014012397546758
2021-11-10,-0.0022137035235130515,-0.0011993242012533
2021-11-11,-0.012779048819117851,-0.0069476555107301
2021-11-12,0.0024554602000539513,0.0109192144629703
2021-11-15,0.02013816928937645,0.0003814778573296
2021-11-16,0.014939988551139882,-0.0043641373232402
2021-11-17,0.02353555752467005,-0.0043646229255984
2021-11-18,-0.014739974256832468,-0.0098906238741919
2021-11-22,-0.027841552154628794,-0.0213129945992882
2021-11-23,0.029985766148711325,0.0085425634747964
2021-11-24,0.0035299502599671806,-0.0041586692258477
2021-11-25,-0.010084884523184583,0.0068835160349074
2021-11-26,-0.01972165590769149,-0.0296081696847138
2021-11-29,-0.011518770033203833,-0.0032307819416967
2021-11-30,0.03665182859087821,-0.000314376272322
2021-12-01,-0.007774267558622655,0.0091008760624275
2021-12-02,0.024982766563828643,0.0126562877840936
2021-12-03,-0.011624318736791482,-0.0080169006978894
2021-12-06,-0.006581516319396112,-0.0162184773160428
2021-12-07,0.0090397603863531,0.0147992709141531
2021-12-08,0.007565110688300156,0.0160777478162823
2021-12-09,-6.401436456051918e-05,0.0034485222200728
2021-12-10,0.007518006002408286,0.0018286719270128
2021-12-13,0.024477339057193515,-0.0059265170075659
2021-12-14,-0.009261399505147195,-0.0017918996603083
2021-12-15,0.0044202491145267616,-0.006018623808369
2021-12-16,-0.014936356210403741,-0.0008406303843007
2021-12-17,-0.028483741836716495,-0.0175740461466314
2021-12-20,-0.019056149736666906,-0.0253769823554057
2021-12-21,0.0055927883649802435,0.0110547097802844
2021-12-22,0.014669269145848561,0.0125866138336439
2021-12-23,0.0007385493087391417,0.0073820343680399
2021-12-24,-0.011274722309199608,-0.0055846763689225
2021-12-27,0.005185580383533929,0.0043624482447779
2021-12-28,0.009931677025724468,0.009429303103007
2021-12-29,0.03929347427625665,-0.0003549765982311
2021-12-30,-0.00657106477879183,-0.0014195631050887
2021-12-31,0.018000487011216044,0.0104259184368886
2022-01-03,0.06773903786995546,0.0138268027382302
2022-01-04,-0.02275113480108425,0.0072725073456219
2022-01-05,0.006872165631710944,0.0051579652563209
2022-01-06,0.013276368630367316,-0.0065168622993705
2022-01-07,0.031141753972301997,0.0038283612546448
2022-01-10,-0.014687844623582266,0.0097990185801866
2022-01-11,0.004701066829522737,0.0024811345208002
2022-01-12,0.009576599867381448,0.0087315768591529
2022-01-13,-0.004621487240996072,0.003256695590966
2022-01-14,-0.00030809665469274175,0.0005342128489802
2022-01-17,0.06143080123147225,0.003168744341528
2022-01-18,-0.026125818736226537,-0.0128755262064896
2022-01-19,0.0031164749417369247,-0.0065942851414971
2022-01-20,-0.013492080316440834,-0.0071161287933869
2022-01-21,-0.022087896874429046,-0.0117919589625402
2022-01-24,-0.035219264515296125,-0.0307762993716439
2022-01-25,0.02999133608601587,0.0083437691058065
2022-01-27,-0.03443467608857822,-0.0102468797932803
2022-01-28,0.0105626914529677,0.0028829686217266
2022-01-31,0.02567447702355264,0.0137381967093985
2022-02-01,0.008598278602211329,0.0130152319452976
2022-02-02,0.03671355028511966,0.0113969601168832
2022-02-03,-0.015496201270506956,-0.0103717422395076
2022-02-04,0.008248920388714066,-0.0032928909653019
2022-02-07,-0.023528258150608976,-0.0140416480295879
2022-02-08,0.005573632742359986,-0.001056706233551
2022-02-09,0.014590801175757536,0.0108548760308171
2022-02-10,-0.0021948700216455363,0.0062020955279449
2022-02-11,0.00615788798731735,-0.0144248390622292
2022-02-14,-0.06944661197396743,-0.0326937258456786
2022-02-15,0.014244756776886015,0.0280501998311875
2022-02-16,0.010581656275823834,-0.0008830765059577
2022-02-17,-0.005724484194807193,-0.0014036227929626
2022-02-18,-0.011436111749374589,-0.0038871110705995
2022-02-21,-0.0319788135658042,-0.007788310521574
2022-02-22,-0.005573669090572104,-0.0072478289481339
2022-02-23,-0.019257613295687367,0.0012467436852128
2022-02-24,-0.08317348275304395,-0.0506357542446843
2022-02-25,0.025522303177217234,0.0299175725436056
2022-02-28,0.0005433663948000316,0.0084121403356607
2022-03-02,-0.0229257814803751,-0.0076902985008996
2022-03-03,0.018447258165058208,-0.0044685211649883
2022-03-04,0.0074398153350380344,-0.0168246022529244
2022-03-07,-0.02498654055470419,-0.024016284006695
2022-03-08,0.02147665303193289,0.0104446442206085
2022-03-09,0.013426187518418248,0.0201821452148549
2022-03-10,0.012282263532858191,0.0146177883057694
2022-03-11,-0.0008377195365875442,0.0034314864718623
2022-03-14,-0.0036215596708504827,0.0094923854502539
2022-03-15,-0.024523639884104137,-0.010996002050859
2022-03-16,0.016005294734894156,0.0186669334741746
2022-03-17,0.014516638661599222,0.0167424896956589
2022-03-21,0.01885925047990352,-0.0080684044768616
2022-03-22,-0.006347126528901768,0.0084417095431392
2022-03-23,0.010666132871099224,-0.0021557894376998
2022-03-24,0.018744380870991534,0.0005815434883615
2022-03-25,-0.02270682552899882,-0.0029608097159754
2022-03-28,-0.026076388049835208,0.0018183340094135
2022-03-29,0.021481962478541682,0.0062073637407176
2022-03-30,0.00426700267248424,0.0093032148830998
2022-03-31,0.006447093629864472,-0.0002843671880768
2022-04-01,0.011379454263323936,0.0130335458816013
2022-04-04,0.0008535312943101344,0.0196939323041647
2022-04-05,-0.01449749381824482,0.0005817808622696
2022-04-06,-0.01384980714535409,-0.0041464533022795
2022-04-07,-0.010476576350302219,-0.0083397364249673
2022-04-08,0.007143602436155206,0.009382755047784
2022-04-11,-0.006206643947681787,-0.0010310169382524
2022-04-12,-0.012603726635221125,-0.0103790365767548
2022-04-13,0.005252097508771851,-0.0017294744038617
2022-04-18,-0.008346318406546337,-0.0139008565228724
2022-04-19,-0.0223510876279555,-0.0132145796021103
2022-04-20,0.0016234273014761593,0.0085489189085432
2022-04-21,0.009945293585474522,0.0136252596818178
2022-04-22,-0.0009804437673454373,-0.0104854780510111
2022-04-25,-0.027972710472990964,-0.0145341507001001
2022-04-26,0.03619165653317107,0.0153398515222182
2022-04-27,0.006423655982175344,-0.0092561844156938
2022-04-28,-0.0034941606659125535,0.0106395920603539
2022-04-29,-0.004348776717791665,-0.0087476625129579
2022-05-02,-0.012497273624954827,-0.0032201565495411
2022-05-04,-0.04596064949845342,-0.0232941909139664
2022-05-05,0.008021273411525755,0.0005717660111927
2022-05-06,-0.03070669505670221,-0.0174286801496115
2022-05-09,-0.01895885383865028,-0.0107744490116767
2022-05-10,-0.018730405781540803,-0.0097576878956955
2022-05-11,-0.018311536439279744,-0.0059655597948532
2022-05-12,-0.012650476164828403,-0.0224291367388275
2022-05-13,0.015531694726650232,5.545794749672872e-05
2022-05-16,0.018107562979632917,0.0072734423821549
2022-05-17,0.02667669904049006,0.0262179406217077
2022-05-18,-0.023088007274394372,-0.0006122172045656
2022-05-19,-0.02990831562313017,-0.0261222324521418
2022-05-20,0.011654215732405056,0.0253916228673756
2022-05-23,-0.018933511403591764,-0.004219596073395
2022-05-24,-0.007984109353783705,-0.0064077032160545
2022-05-25,-0.02648072161692149,-0.0113758547528527
2022-05-26,0.015384949611870627,0.0101688559332797
2022-05-27,0.004173499098053436,0.0109460919941701
2022-05-30,0.007295791073486167,0.0201790893045217
2022-05-31,-0.008236525787474327,-0.0027292622392361
2022-06-01,0.0041923061819257165,-0.0030260951815389
2022-06-02,0.004591411565958993,0.0059724756080814
2022-06-03,-0.011180674186451543,-0.0065211456368509
2022-06-06,-0.022750806629456714,-0.0016077529021188
2022-06-07,-0.012957804218430633,-0.0081991605132004
2022-06-08,0.006784306276576505,-0.0033892211684185
2022-06-09,0.001615984610628984,0.0065298140596457
2022-06-10,-0.014258939267826419,-0.0140370590935263
2022-06-13,-0.006928004333577282,-0.0263976011125326
2022-06-14,-0.009309367295517991,-0.0024618707129554
2022-06-15,0.0151776019878333,-0.0003090795760309
2022-06-16,-0.05658680894089421,-0.0217431284770472
2022-06-17,0.02766500726823166,-0.0067775053198047
2022-06-20,-0.0449170888196042,-0.003838240541651
2022-06-21,0.06937255464193222,0.0226436367091085
2022-06-22,-0.02707260146148626,-0.0148087442831362
2022-06-23,0.004694291601597927,0.010262570939763
2022-06-24,0.03804723856990993,0.0107355031656948
2022-06-27,0.012102130670142684,0.0090458999678666
2022-06-28,0.018210488905701913,0.0017412239557674
2022-06-29,0.0326857775874235,-0.003368718786795
2022-06-30,-0.0033991925516803742,-0.0026401958001009
2022-07-01,-0.01500903210779362,0.0007367099126169
2022-07-04,0.0002017903888068453,0.0058045243143824
2022-07-05,-0.022427582823067217,-0.0008479266795005
2022-07-06,-0.0026924896427945747,0.0127609354133562
2022-07-07,0.02780917110198789,0.0096608637640027
2022-07-08,-0.012462683847020662,0.0045017150476391
2022-07-11,0.01729189624601816,0.0043226527523432
2022-07-12,0.00286579035139458,-0.0075842909937731
2022-07-13,-0.017607908580658242,-0.0039092585617225
2022-07-14,0.0064359828234400755,-0.0017947172668719
2022-07-15,-0.004028296780210465,0.0064570240979473
2022-07-18,0.012574146454166383,0.0139335364757446
2022-07-19,0.004399717803750221,0.0047743045814201
2022-07-20,0.002716243578426947,0.007784595658943
2022-07-21,-0.007711152927166009,0.0077962780718319
2022-07-22,0.0002786782844507621,0.0041523581127356
2022-07-25,-0.0065969989716675795,-0.0039117820861408
2022-07-26,0.005820536971597304,-0.0098763499283394
2022-07-27,0.001966760463198062,0.0090492431796449
2022-07-28,0.0025902158305102976,0.0144891812030196
2022-07-29,0.013314312324155827,0.0135433344180495
2022-08-01,0.005047901282047639,0.0124214243027718
2022-08-02,0.008642501300139504,0.0015099493441803
2022-08-03,0.00019144071402041205,0.0004555527831151
2022-08-04,0.0048637327663732625,0.0010562830484084
2022-08-05,-0.0067772382374889145,0.0004358946146778
2022-08-08,-0.010976547003983834,0.0066198459695421
2022-08-10,-0.025232886134460054,-0.0001280936607452
2022-08-11,0.022797202335065585,0.0074592716733143
2022-08-12,0.0019598959437974995,0.0030136453473006
2022-08-16,0.011328288525014869,0.0091724532241759
2022-08-17,0.01743985465637438,0.0066873883057534
2022-08-18,-0.0021949301386023305,0.001633723045201
2022-08-19,0.0019779633398044278,-0.0106487019527913
2022-08-22,-0.0029198210563189508,-0.0153721110160006
2022-08-23,-0.005169775466963046,0.0058564713130291
2022-08-24,-0.005795830024162551,0.0029170037634336
2022-08-25,-0.001396172273319238,-0.0025526195527924
2022-08-26,0.0021768327835526204,0.0027743185909667
2022-08-29,-0.01550547545253994,-0.0111473470424174
2022-08-30,0.004240141757152376,0.0236745383515288
2022-09-01,0.011704428607701826,-0.0076800879969162
2022-09-02,0.0031447370419732737,-0.0007134155946875
2022-09-05,-0.005741450978177102,0.0059367190156582
2022-09-06,-0.003092724209381007,0.0014403452562141
2022-09-07,0.004117979845780421,0.0003146095584773
2022-09-08,0.005928164943666365,0.0077636616570204
2022-09-09,-0.013069122008306767,0.0017936913591132
2022-09-12,0.004136333323739835,0.0071696262586395
2022-09-13,-0.002754200108825219,0.0059848501934804
2022-09-14,-0.015820074086145906,-0.0025454440634863
2022-09-15,-0.0017800248498980077,-0.0030990135014398
2022-09-16,0.00231141063371036,-0.0214420564017557
2022-09-19,0.0030297172275087856,0.0029175535011669
2022-09-20,0.015702202031076987,0.0114122693587666
2022-09-21,-0.006383443724316718,-0.0068310233352397
2022-09-22,-0.004837181486345493,-0.0014870152650836
2022-09-23,-0.009923751301424128,-0.0181423443527883
2022-09-26,-0.0004909026619481088,-0.0222050778744045
2022-09-27,-0.012646680897174103,0.0001359049909084
2022-09-28,-0.012053367325104983,-0.0073276488181067
2022-09-29,0.04955318985151023,-0.0010882508813072
2022-09-30,-0.01518571334071928,0.015652916540833
2022-10-03,-0.0068121586369881935,-0.0129123619115776
2022-10-04,-0.0010787003579044471,0.0223030374706798
2022-10-06,0.034197393503455735,0.005837954838004
2022-10-07,-0.0056359954385918135,-0.0012664109397235
2022-10-10,0.016832556222335725,-0.0055489815810029
2022-10-11,0.008899140596496689,-0.015453832556348
2022-10-12,0.016775598602547726,0.0073977477333504
2022-10-13,0.024075794979962345,-0.0066568410294244
2022-10-14,0.005259368945866429,0.0058773978471544
2022-10-17,-0.019971158868347876,0.0062478063666913
2022-10-18,0.0057620189889019706,0.0098514498638031
2022-10-19,-9.979725347929267e-05,0.0007232971684749
2022-10-20,0.012097955093764292,0.0029189926456871
2022-10-21,-0.01977713349444798,-0.0016642678902569
2022-10-24,-0.002994836943248743,0.0076948410259565
2022-10-25,-0.013238233928669012,-0.002638894792072
2022-10-27,0.014133287437476718,0.0055077270365184
2022-10-28,0.020586131681137137,-9.546225126322304e-05
2022-10-31,0.030421977625285278,0.0118956497978641
2022-11-01,-0.007509194211388353,0.00767317824035
2022-11-02,-0.004290077091996246,-0.0026192347072409
2022-11-03,0.011905236343399767,-0.0005786350928831
2022-11-04,0.03775165669034526,0.0028284511577985
2022-11-07,-0.0014008733479618342,0.005399111546783
2022-11-09,-0.020950821542760394,-0.0028992933273688
2022-11-10,-0.010092702317408803,-0.0080421515222053
2022-11-11,0.02764682005283908,0.0133508020265742
2022-11-14,-0.008171930928584448,-0.0001073736446581
2022-11-15,0.01782060916709737,0.0025936725289088
2022-11-16,-0.014192962161223071,-0.0021965004663966
2022-11-17,-0.017508156101085696,-0.0042384524001207
2022-11-18,0.019068421103586062,-0.0029053724652907
2022-11-21,-0.013793976591525665,-0.0064884638549721
2022-11-22,-0.008961121596318594,0.0035626449329353
2022-11-23,0.012860712955485997,0.0018049394894137
2022-11-24,-0.03580613941045057,0.0093226527173535
2022-11-25,0.034499054567397935,0.0025405196681198
2022-11-28,-0.005334078528929155,0.0038348492323116
2022-11-29,0.01779508302933005,0.001620244829928
2022-11-30,0.01273887962660864,0.0085541538794986
2022-12-01,0.0006353593254666999,0.0035553529847962
2022-12-02,-0.013844823610674791,-0.002669324224843
2022-12-05,-0.0018337900951015187,0.0001801091115154
2022-12-06,-0.001424665880419518,-0.002795120315205
2022-12-07,-0.025863043437219325,-0.003703102057682
2022-12-08,0.009663593273766686,0.002967319123339
2022-12-09,-0.012363443236529803,-0.0062927179190944
2022-12-12,-0.026823431908331138,0.0006738378580135
2022-12-13,0.00729445004720435,0.0046779759748296
2022-12-14,0.019870064172325848,0.0038492892283095
2022-12-15,0.020934300220793976,-0.0113525036177398
2022-12-16,0.0006805015039559482,-0.0092725689552799
2022-12-19,-0.019626270519735128,0.0076192373692904
2022-12-20,-0.011519456644567138,-0.0019354535220073
2022-12-21,-0.021263044994069842,-0.0124740324037256
2022-12-22,-0.023472085655464766,-0.0063489662352453
2022-12-23,-0.07036756760457964,-0.0248787588422396
2022-12-26,0.04922178309739361,0.0166149389181213
2022-12-27,0.01232710283247432,0.0079548912130746
2022-12-28,0.011931744938504112,0.0011891328170512
2022-12-29,0.004230600060967839,0.0034337694276114
2022-12-30,0.007927192618253325,-0.0022343079403492
2023-01-02,-0.006066946372279697,0.0047249060992986
2023-01-03,0.020934425765215176,0.0021794317944634
2023-01-04,0.009949576135448692,-0.0106748810942237
2023-01-05,-0.010264004886990094,-0.0005993119947256
2023-01-06,0.02185352003128718,-0.007314847887985
2023-01-09,0.020287941995658157,0.0117121125639247
2023-01-10,-0.01517267822431711,-0.0081796997606327
2023-01-11,0.010241852832157117,-0.0013511669336625
2023-01-12,-0.008746136318908084,-0.0015113984806401
2023-01-13,-0.007852120661345397,0.0043318634862952
2023-01-16,0.0025264979296378614,-0.0025965012503719
2023-01-17,0.010903683953784894,0.0059676005855593
2023-01-18,0.00266124929820156,0.0046111686861431
2023-01-19,0.0023346337652755903,-0.0028881376465128
2023-01-20,0.01865944352374362,-0.004716487552243
2023-01-23,-0.023859393132445863,0.0036069006058954
2023-01-24,0.004738804616205208,-0.0011315380357379
2023-01-25,-0.006902526469646361,-0.0139178509721602
2023-01-27,-0.016293886321914742,-0.0196646603896017
2023-01-30,-0.015758021848003997,-0.0017662220998962
2023-01-31,0.04071911229329511,0.0055533142697172
2023-02-01,-0.030006799325672795,-0.0062531383445353
2023-02-02,0.026434159256482823,-0.0004096527388967
2023-02-03,0.027851918317270054,0.008156615829999
2023-02-06,-0.023295057824894917,-0.0019833912504855
2023-02-07,-0.03661442706521906,-0.0022945006042366
2023-02-08,0.0015508988402939163,0.0083332665569848
2023-02-09,0.0032682370400211164,1.1711276872050648e-05
2023-02-10,-0.004396875248419477,-0.0012070839011144
2023-02-13,0.022858639584061466,-0.007537688442211
2023-02-14,-0.04784624818647567,0.004554852320675
2023-02-15,-0.02017250923981776,0.004554361043265
2023-02-16,0.020443424113970595,0.0031585047569906
2023-02-17,-0.005960552879850454,-0.0053551362291971
2023-02-20,-0.03390545879255105,-0.0042806066518489
2023-02-21,-0.010395797245382088,-0.0015613630404747
2023-02-22,-0.018280577717610054,-0.0143832097112693
2023-02-23,-0.014548348442924902,-0.0021348879697009
2023-02-24,-0.0001761944578410361,-0.0027681776570905
2023-02-27,-0.03655848115845628,-0.0057287872634403
2023-02-28,0.011308963883213894,-0.0021767743023062
2023-03-01,0.008995650215890022,0.0100174183954022
2023-03-02,-0.026911140749053444,-0.0051290871005539
2023-03-03,0.011984888686000238,0.0129222359455865
2023-03-06,-0.007441240923655275,0.0071977596377286
2023-03-08,-0.002147622787505739,0.0029249551664629
2023-03-09,-0.001501935340817931,-0.007591889288775
2023-03-10,-0.00949932399524479,-0.0085334556037419
2023-03-13,-0.02353853632501228,-0.0152098092993081
2023-03-14,-0.02142651415215942,-0.0065196548418026
2023-03-15,-0.021984469682325515,-0.0029341467012077
2023-03-16,-0.014212352693823564,0.0010794002239569
2023-03-17,0.028067413044858477,0.0060993363080206
2023-03-20,-0.002652199309643999,-0.0072377865892404
2023-03-21,0.00015430345352581993,0.0065890242633608
2023-03-22,0.007105580053363757,0.003269675623057
2023-03-23,0.039853526680832994,-0.0039145621276438
2023-03-24,-0.041459487471231043,-0.0086039853712609
2023-03-27,-0.033005117437973484,-0.0013060904666841
2023-03-28,0.010935254944736914,-0.0034641014361541
2023-03-29,0.0037099583595199747,0.0094876282654359
2023-03-31,0.014068787797868222,0.0147711354696973
2023-04-03,0.017911109349988196,0.0028842820016055
2023-04-05,0.02554902538441308,0.0073320443056967
2023-04-06,0.002611223582079848,0.0033311806458147
2023-04-10,-0.0014944679909387488,0.0021857248440366
2023-04-11,-0.006130897604678978,0.0053595201297609
2023-04-12,0.00324701640191165,0.0049052000955502
2023-04-13,-0.01453666603760805,0.000883102698659
2023-04-17,-0.010135894251320686,-0.0035082763543182
2023-04-18,0.00908823440925055,-0.0005184341516916
2023-04-19,-0.004271741323754762,-0.0027053593548667
2023-04-20,0.0031158689753890095,0.0003601413650076
2023-04-21,-0.003024048830999577,-0.0011240318604017
2023-04-24,-0.006951040632757507,0.0056887413151613
2023-04-25,-0.0004725998565191466,0.0017354596820415
2023-04-26,0.025491326828435655,0.0027044092843677
2023-04-27,-0.000268255855546933,0.0055539693460471
2023-04-28,0.0011233379724531847,0.0094017314963215
2023-05-02,-0.011777756172156885,0.0055668528342538
2023-05-03,-0.007316125527709995,-0.0016221562971622
2023-05-04,0.030978506938996814,0.0082980005883648
2023-05-05,0.004074131275343025,-0.008157484209182
2023-05-08,-0.00736103804170503,0.0097570929820189
2023-05-09,0.0041227789447615005,-0.0006013792608903
2023-05-10,0.010982276994692461,0.0030551816190096
2023-05-11,0.008311354611786555,0.0011213733185497
2023-05-12,-0.00933865249260011,-0.0003609221581439
2023-05-15,-0.0024225105755817395,0.0045117344083409
2023-05-16,-0.011023729442171625,-0.003791206680804
2023-05-17,-0.007953812046402848,-0.0041907841709625
2023-05-18,-0.007826372283418955,-0.0043677750553053
2023-05-19,0.002399064554452272,0.0030586159680876
2023-05-22,-0.013755799541293606,0.0061830544884993
2023-05-23,0.00423333916377528,0.0024688123337597
2023-05-24,-0.019300801005758515,-0.001746205462354
2023-05-25,-0.0036345761882155218,0.0026903586834183
2023-05-26,-0.007982284704802707,0.0090195220874005
2023-05-29,-0.012948628025823656,0.0047274325286295
2023-05-30,-0.004277675907737994,0.0011443007046818
2023-05-31,0.016440721453049763,-0.001985302785557
2023-06-01,-0.0043024640454458205,-0.0006883570294421
2023-06-02,0.01650197621842983,0.0032173408161033
2023-06-05,0.019536962830021286,0.0031130848676848
2023-06-06,0.014935597878381522,0.0012852562576384
2023-06-07,-0.0063709164285127885,0.0078272651652022
2023-06-08,-0.017339635037208735,-0.0052899795919169
2023-06-09,-0.005673050278537605,-0.0028470262964505
2023-06-12,0.0335591510395344,0.0031057045616273
2023-06-13,-0.012328787175244731,0.0076576232991567
2023-06-14,-0.0095499392848944,0.0020547797455743
2023-06-15,0.030127618091583444,-0.0018196378415784
2023-06-16,0.02182556703583978,0.0076949167828315
2023-06-19,-0.032441103443909505,-0.0026121852429628
2023-06-20,0.007011022231588041,0.0033045070042283
2023-06-21,-0.005126114480884563,0.0028460481965564
2023-06-22,-0.0012839576045930775,-0.0065026338187367
2023-06-23,-0.027546618682022735,-0.0078952144361159
2023-06-26,0.03014407323769757,0.0034249215958104
2023-06-27,0.003215819444088744,0.006038432375595
2023-06-28,-0.01182237540078654,0.0070380161991283
2023-06-30,0.0023185660328047127,0.0091872526241001
2023-07-03,-0.013679223824767654,0.0058177858132992
2023-07-04,-0.01234829509834781,0.0018284149251421
2023-07-05,0.018769255479284278,0.0024860788337766
2023-07-06,0.001865640679572312,0.0058253105301238
2023-07-07,-0.014574127830804067,-0.0076532845833809
2023-07-10,0.02285132592386285,-0.0006663033437246
2023-07-11,0.01288210020277204,0.0055554688716019
2023-07-12,-0.004400985557286196,-0.0005597440694189
2023-07-13,-0.01898254958930648,-0.0006070130263555
2023-07-14,0.016375726094384885,0.0083593608207344
2023-07-17,-0.007479356418340532,0.006297395330556
2023-07-18,-0.017514939567484494,0.0002259133433755
2023-07-19,0.01157226166790426,0.0046494038168118
2023-07-20,0.005047118936703506,0.004991310170612
2023-07-21,0.004408887788938485,-0.0084444163432253
2023-07-24,-0.00898112984065494,-0.0021770008326896
2023-07-25,-0.009735861034394503,0.0018678295693341
2023-07-26,0.008374688956877162,0.0047209242208852
2023-07-27,0.005747760602623343,-0.0030948729286609
2023-07-28,0.012694300372579521,0.001551495614213
2023-07-31,0.019718268789916487,0.0065384631116376
2023-08-01,0.004821852865280316,-0.0005323430742387
2023-08-02,-0.019173651159472622,-0.0111585460513183
2023-08-03,0.004914668573390716,-0.005072009527259
2023-08-04,0.00182308170318213,0.0068952121612411
2023-08-07,-0.006697351867578904,0.0037495499159532
2023-08-08,-0.007534497351013104,-0.0004739593710875
2023-08-09,0.008328253591681448,0.0030332907001522
2023-08-10,-0.005774161878023798,-0.0034853734818696
2023-08-11,0.00545022416132595,-0.0047920344844906
2023-08-14,-0.008786093698022919,-0.0020570485129954
2023-08-16,0.005910235754120665,0.0018087789468319
2023-08-17,0.01166594229742697,-0.0031686232625488
2023-08-18,-0.0020077003514293187,-0.0026636063955065
2023-08-21,-0.01224726349980916,0.0056811107487457
2023-08-22,-0.01221734566286501,0.0032178045618542
2023-08-23,-0.006471733873068141,0.0026530806270308
2023-08-24,-0.0004949950841926219,-0.0012836144679563
2023-08-25,-0.006693673493426515,-0.0062405313219866
2023-08-28,-0.00802332464154249,0.0031377994116297
2023-08-29,0.003980327095036384,0.0031940922738598
2023-08-30,0.07186756576139051,0.0023536901595124
2023-08-31,0.006187449236800742,-0.0027637904451816
2023-09-01,-0.005905428636669891,0.0085933205108914
2023-09-04,0.0019122925652824028,0.0058221206611057
2023-09-05,0.025630772487335293,0.0042849579654837
2023-09-06,-0.0010810345288184953,0.0017525869301762
2023-09-07,0.0041071655832983925,0.0057036419883518
2023-09-08,-0.004406221147294187,0.0058389408841255
2023-09-11,0.0015020990149559135,0.0092947109544756
2023-09-12,-0.04648355707065668,-0.0106889214319237
2023-09-13,0.015235795831363419,0.0037665851687231
2023-09-14,0.0048041823308001405,0.0043989167024214
2023-09-15,0.0044564631017334,0.0037449760877006
2023-09-18,-0.0151787245017795,-0.0032340124711918
2023-09-20,-0.013867382983745086,-0.0091965855683633
2023-09-21,-0.013727341042614345,-0.0083965927750114
2023-09-22,-0.0005228981792909076,-0.0026555873791788
2023-09-25,-0.009878153870944286,0.0006345929174167
2023-09-26,0.006680718849543818,1.9727122748003367e-05
2023-09-27,0.0013445317073603094,0.0038357537548376
2023-09-28,-0.009692874481746053,-0.0096615527045724
2023-09-29,0.016112941073004528,0.0071368910979208
2023-10-03,0.011502086611535484,-0.0024142806323028
2023-10-04,0.0019965574509090904,-0.0074231262421557
2023-10-05,0.005825247118136804,0.0041494372226738
2023-10-06,0.008555697219223127,0.0055215856311807
2023-10-09,-0.031203118313582072,-0.0097701967396184
2023-10-10,0.01724653608244547,0.0103482791687765
2023-10-11,-0.010131553228709081,0.0059967674359477
2023-10-12,0.009502210093691725,0.0008702219827501
2023-10-13,-0.005043723906055106,-0.0015371422919902
2023-10-16,0.0010507463747940118,-0.0001509393434283
2023-10-17,0.0035134664347068988,0.0043938689053575
2023-10-18,0.004070444338375093,-0.0072123149139052
2023-10-19,0.003234464093128022,-0.0021970271533195
2023-10-20,-0.02964870766484385,-0.0056966912213911
2023-10-23,-0.03723040836136915,-0.0189002944814441
2023-10-25,-0.01717951363539699,-0.0073359871652939
2023-10-26,0.03594504073634772,-0.0123773918061078
2023-10-27,0.023194714114783403,0.0124726368538674
2023-10-30,-0.01241937713592959,0.0036122636161433
2023-10-31,0.015685222775953873,-0.0014697299802772
2023-11-01,-0.014918214716477723,-0.0041638492339276
2023-11-02,0.02086611374220957,0.0094729416507104
2023-11-03,0.007655381669253477,0.0064482140660502
2023-11-06,-0.0010019771554279878,0.0093287539680917
2023-11-07,-0.012436325589113539,0.0015363120266658
2023-11-08,-0.004460293983360647,0.0038378285012881
2023-11-09,0.028087125537323177,-0.0019286014747138
2023-11-10,0.009753624362481762,0.0016396178626645
2023-11-12,0.01658153825149209,0.0060478665843926
2023-11-13,0.011732392480202984,-0.0027398506859637
2023-11-15,-0.03746111572763782,0.0109380469342845
2023-11-16,-0.017295921252255122,0.0048327057014012
2023-11-17,-0.025203875284249885,0.0004099811178721
2023-11-20,-0.017677873080861762,-0.0013968125807234
2023-11-21,0.010654864268026823,0.0027212822181148
2023-11-22,-0.01997213220098694,7.102188657803765e-05
2023-11-23,0.021029068725484337,0.0007252326070605
2023-11-24,0.018580508267531683,9.784620082564643e-05
2023-11-28,-0.004870505170516402,0.005522931400397
2023-11-29,-0.008256557140931335,0.0088235807763767
2023-11-30,0.009317658804240722,0.0048432557248914
2023-12-01,-0.002847215916225342,0.0069188884353412
2023-12-04,0.006844517877882495,0.018354550158838
2023-12-05,0.009579643967034122,0.0078522524351205
2023-12-06,-0.011040495368622172,0.0049762042383638
2023-12-07,0.009708680074936159,0.0014979607422573
2023-12-08,0.006568206933988184,-0.000115263410695
2023-12-11,-0.009905697385102127,0.0035553226733375
2023-12-12,-0.0076535315784528254,-0.0046799570304959
2023-12-13,0.0055871669383525885,0.0033488745480119
2023-12-14,-0.010406664870820037,0.0119030472381105
2023-12-15,0.018638957322430542,0.0089249433399103
2023-12-18,0.02970461788100854,0.0004248878557071
2023-12-19,-0.011794116542675273,0.0008018581444251
2023-12-20,-0.06821632964714244,-0.0204207702296236
2023-12-21,0.003967035478909052,0.008893681413449
2023-12-22,0.02124604190217259,0.0058232075522728
2023-12-26,-0.0023828222939588795,0.005100995799629
2023-12-27,0.013126210710287044,0.0074349700219868
2023-12-28,0.008465385884628368,0.0055543352468503
2023-12-29,0.02049129880070796,0.0015832173741805
2024-01-01,0.04370027866839532,0.0021285613282171
2024-01-02,0.029512828853709254,-0.0027155491499778
2024-01-03,0.054040986203905336,-0.0026330472179888
2024-01-04,-0.0038896574526982924,0.0088360265084059
2024-01-05,0.0357480439805018,0.0025650819958695
2024-01-08,-0.02141029044352698,-0.0089318925034483
2024-01-09,0.005851476068004172,0.0021818305026877
2024-01-10,-0.00420308741705214,0.0031604563904479
2024-01-11,-0.0012009030341524206,0.0033196580531846
2024-01-12,-0.005251729931567007,0.0082248529119175
2024-01-15,0.004659938474862509,0.007208234064344
2024-01-16,-0.02002862952577531,-0.0030059763300436
2024-01-17,-0.018746244674304347,-0.0171618943163427
2024-01-18,-0.0005539101178634372,-0.0037366638719588
2024-01-19,0.008659668394426799,0.0100139738201832
2024-01-20,0.015090535926978368,-0.0002558025733158
2024-01-23,-0.04146411363879343,-0.0200712816697179
2024-01-24,0.014558757374359712,0.0127162955606892
2024-01-25,-0.009034486976564757,-0.0028419842453736
2024-01-29,0.0021815892762712128,0.0165132720798375
2024-01-30,0.03729272377636224,-0.0072870811002921
2024-01-31,0.06631710113815412,0.011464514965811
2024-02-01,-0.025695962214183674,-0.0015659665818513
2024-02-02,-0.020991235675229064,0.0069507169086651
2024-02-05,-0.010247873081653328,-0.003094538975971
2024-02-06,0.026824073315427945,0.0091674109092252
2024-02-07,-0.014337761837614215,0.0036195036289787
2024-02-08,0.007514922721813876,-0.0058653591973918
2024-02-09,-0.006942725342347977,-0.0015827783584815
2024-02-12,-0.04428123599923356,-0.0140405744828316
2024-02-13,-0.006135414695250108,0.0056702890744433
2024-02-14,-0.0049440284787260055,0.0070574105688809
2024-02-15,-0.013880253252750729,0.0058648856837857
2024-02-16,-0.008268670509627103,0.0063771093278719
2024-02-19,0.07873555130723364,0.0036604931785282
2024-02-20,-0.0019305805607925785,0.001536675349596
2024-02-21,-0.03271149611372849,-0.0071183349861233
2024-02-22,-0.013174584117171198,0.0079638703026836
2024-02-23,0.007351265600624825,0.0013491477015847
2024-02-26,-0.01301139756701215,-0.0028123605613137
2024-02-27,-0.021361764921933202,0.0016893025928141
2024-02-28,-0.010523777783574972,-0.013695811765586
2024-02-29,0.0009400436933143189,0.0043369427113952
2024-03-01,0.0229530185649997,0.0126893585364518
2024-03-02,0.019524387034322722,0.0032746793452507
2024-03-04,-0.0014413484344392737,0.0004159745372787
2024-03-05,0.03458685113632032,-0.0022421705151791
2024-03-06,0.00013635064921376283,-0.0001784238133419
2024-03-07,-0.01930174048442044,0.0028133921812836
2024-03-11,-0.011087508237740084,-0.007186596491532
2024-03-12,-0.035877597669363284,-0.00561545393872
2024-03-13,-0.0721295720581622,-0.0258831023609062
2024-03-14,0.004575860559244551,0.0140286558917972
2024-03-15,0.005927084475464253,-0.0047220739422383
2024-03-18,0.032154154089962195,0.0008504282593453
2024-03-19,-0.013457657590415506,-0.0116037230297311
2024-03-20,-0.013623201442882586,0.0011288351626672
2024-03-21,0.023856088845920245,0.0132483744202407
2024-03-22,0.001062529501553569,0.0048643739581222
2024-03-26,-0.016968827232769816,0.0004196352620111
2024-03-27,-0.014679433246567498,0.0040950222167994
2024-03-28,-0.009570500805343612,0.008741553734993
2024-04-01,0.07290521248456891,0.0109349253507764
2024-04-02,0.01836861235035269,0.0036951754961398
