,Sr.No._x,Accord Code_x,Company Name,GB+CWIP_1Y_CAGR,GB+CWIP_2Y_CAGR,GB+CWIP_3y_CAGR,CD_BSE Code,CD_NSE Symbol,FH_Market Capitalization,CONS_FH_1,GB+CWIP_CAPEX_SUM,ZSCORE_CAPEX,ZSCORE_MCAP,Stock Name,NSE Code,BSE Code,Stock Code,ISIN,Industry Name,Current Price,Current Price.1,Market Capitalization,PE TTM Price to Earnings,Forecaster Estimates 1Y forward PE,PE 3Yr Average,PE 5Yr Average,%Days traded below current PE Price to Earnings,Sector PE TTM,Industry PE TTM,PEG TTM PE to Growth,Forecaster Estimates 1Y forward PEG,Sector PEG TTM,Industry PEG TTM,Price to Book Value,%Days traded below current Price to Book Value,Sector Price to Book TTM,Industry Price to Book TTM,Basic EPS TTM,EPS TTM Growth %,ROE Annual %,Sector Return on Equity ROE,Industry Return on Equity ROE,RoA Annual %,Sector Return on Assets,Industry Return on Assets,Piotroski Score,sector_name,Industry Name.1,Latest financial result,Result Announced Date,STOCK NAME,MA,Sr.No._y,Accord Code_y,FR_Adjusted PE (x),FR_Price / Book Value(x),FR_Dividend Yield(%),FR_EV/Net Sales(x),FR_EV/EBITDA(x),FR_EV/EBIT(x),FR_M Cap / Sales,ZSCORE_PE,ZSCORE_EVEBITDA,ZSCORE_FINAL
0,1,304714,Aether Industries Ltd.,57.6591544029414,81.1293473013914,68.5026087698255,543534.0,AETHER,10347.51575,C,207.2911104741583,-0.08154543649364863,1.3843198981857139,Aether Industries Ltd.,AETHER,543534.0,AETHER,INE0BWX01014,Specialty Chemicals,848.0,848.0,11243.65,105.38,Export NA,117.53,,39.36,51.17,59.04,-8.66,Export NA,13.03,14.6,5.28,0.14,7.59,9.19,8.05,-12.17,3.99,14.53,14.4,3.43,9.9,9.72,2.0,Chemicals & Petrochemicals,Specialty Chemicals,2024-12-31,2025-01-17,AETHER,65652.5,19,304714,117.454561868079,5.0125832724574,0.0,16.655362449007,56.4622777613367,80.9660971648685,17.3712219013884,0.8351316149046826,0.6253840177712748,0.37398828100854936
6,15,281585,BLS International Services Ltd.,29.8871417548747,52.2874032059934,64.2219072975311,540073.0,BLS,12934.843515,C,146.39645225839922,-0.08287231681576326,1.9463547408999171,BLS International Services Ltd.,BLS,540073.0,BLS,INE153T01027,Travel Support Services,386.5,386.5,15913.79,35.06,Export NA,52.7,48.43,64.34,64.96,46.47,0.69,Export NA,5.87,0.65,11.14,83.07,11.22,13.79,11.02,50.57,25.91,17.25,30.16,19.36,9.68,15.31,8.0,Diversified Consumer Services,Travel Support Services,2024-12-31,2025-02-11,BLS,3222142.45,138,281585,349.482701079097,149.217834313711,0.318319274232055,108.854588122944,266.375181041719,306.28707865435,109.023968832338,4.188815370138634,5.407644717006648,1.2991935668050538
7,16,307329,Blue Jet Healthcare Ltd.,61.910216528495,39.2337304867557,33.2574665979633,544009.0,BLUEJET,6634.168925,S,134.401413613214,-0.08313368589488525,0.5776844471367968,Blue Jet Healthcare Ltd,BLUEJET,544009.0,BLUEJET,INE0KBH01020,Pharmaceuticals,745.15,745.15,12925.77,55.1,Export NA,,,56.7,40.48,40.18,,Export NA,5.74,5.72,13.99,86.26,8.22,8.34,13.52,,19.37,16.9,17.11,15.46,11.67,11.81,5.0,Pharmaceuticals & Biotechnology,Pharmaceuticals,2024-12-31,2025-01-29,BLUEJET,557444.05,140,307329,40.5137711864407,7.84901608806197,0.261472087854622,9.20388045638127,25.3767612141548,29.7356844989467,9.32291676620789,-0.2769536722560964,-0.08280991302512725,0.02968031936230585
8,19,131595,Capri Global Capital Ltd.,36.3819783898463,157.810474215414,99.1730498566572,531595.0,CGCL,16853.5242,C,293.36550246191746,-0.0796698956775417,2.797594043563668,Capri Global Capital Ltd.,CGCL,531595.0,CGCL,INE180C01042,Finance (including NBFCs),166.2,166.2,13713.43,35.77,Export NA,68.86,65.74,64.96,21.62,37.14,0.77,Export NA,4.95,25.92,3.42,61.88,4.05,4.62,4.65,46.49,7.28,17.25,15.84,1.84,2.86,4.26,5.0,Banking and Finance,Finance (including NBFCs),2024-12-31,2025-01-23,CGCL,286719.55,157,131595,85.0930900912158,4.77537053093283,0.0734214390602056,13.3476631656375,24.6745471632208,26.9133130291025,9.47764850506597,0.3673860105888829,-0.09880783695335285,0.5385746886697615
9,21,311653,Cello World Ltd.,66.1552028333504,39.4150604676479,27.3813753911799,544012.0,CELLO,16440.474415,C,132.95163869217822,-0.08316527615042789,2.7078688938992186,Cello World Ltd.,CELLO,544012.0,CELLO,INE0LMW01024,Houseware,581.35,581.35,12841.15,37.83,Export NA,,,14.67,53.59,40.52,,Export NA,8.42,0.9,6.44,,16.74,7.28,15.37,,28.8,20.72,24.77,16.79,10.69,15.21,4.0,Consumer Durables,Houseware,2024-12-31,2025-02-11,CELLO,195385.8,164,311653,264.837606837607,23.0593687483598,0.19363583553863,16.2905656380689,177.293284385335,185.260763902878,16.1787619087357,2.965373771704904,3.378170364855254,1.1260290267456028
10,22,132548,Century Plyboards (India) Ltd.,52.7576934531862,40.9275881477127,33.4443905752674,532548.0,CENTURYPLY,14211.295945,C,127.12967217616628,-0.08329213543550237,2.2236333873984258,Century Plyboards (India) Ltd.,CENTURYPLY,532548.0,CENTURYPLY,INE348B01021,Forest Products,731.7,731.7,16256.4,76.54,Export NA,44.72,46.99,92.51,58.46,59.57,-1.86,Export NA,1.15,1.16,7.2,38.76,5.59,5.86,9.56,-41.25,14.75,13.77,14.11,9.18,9.08,9.23,3.0,Forest Materials,Forest Products,2024-12-31,2025-02-07,CENTURYPLY,682032.3,166,132548,45.152614637452,6.51776421585765,0.156335495974361,3.8714184594971,27.2739355232569,32.1816221488891,3.78103537098099,-0.20990484801594042,-0.03958826253945224,0.3698020851628445
11,24,222554,Data Patterns (India) Ltd.,43.3281699491038,55.1999394248309,65.9851569682526,543428.0,DATAPATTNS,13563.48,S,164.5132663421873,-0.08247755568545173,2.0829109255282625,Data Patterns (India) Ltd.,DATAPATTNS,543428.0,DATAPATTNS,INE0IX101010,Aerospace & Defence,2175.0,2175.0,12176.52,68.09,Export NA,82.93,,49.09,52.89,44.54,8.78,Export NA,4.08,1.29,9.02,31.11,13.34,11.27,31.94,7.76,13.72,21.36,24.52,10.73,11.85,8.89,6.0,General Industrials,Aerospace & Defence,2024-12-31,2025-02-05,DATAPATTNS,722572.6,202,222554,74.6518681074817,10.2426956449506,0.268367705043248,25.3381877645248,49.2090042966561,52.3647821246819,26.0936514043863,0.21647088162775788,0.4601390800429014,0.4347566478614474
13,26,208045,Devyani International Ltd.,85.4667352266435,60.6515731230666,51.4345426753226,543330.0,DEVYANI,18142.1637,C,197.5528510250327,-0.08175763088332579,3.077520038443489,Devyani International Ltd.,DEVYANI,543330.0,DEVYANI,INE872J01023,Restaurants,175.65,175.65,21188.07,955.87,Export NA,263.89,,93.97,59.17,123.61,-11.83,Export NA,1.57,1.74,18.18,25.11,11.09,17.65,0.18,-80.8,4.48,12.4,12.54,0.95,5.99,3.4,3.0,Hotels Restaurants & Tourism,Restaurants,2024-12-31,2025-02-11,DEVYANI,2316986.45,214,208045,0.0,17.0501686017334,0.0,5.93159752418152,29.1699867912529,102.277340836404,5.82184571574169,-0.8625308214468856,0.0036078026903314606,0.4805571272830469
16,30,311742,DOMS Industries Ltd.,57.5556971992733,51.0304019752501,37.6227262615129,544045.0,DOMS,9456.886376,C,146.2088254360363,-0.08287640516022218,1.1908520481111644,DOMS Industries Ltd.,DOMS,544045.0,DOMS,INE321T01012,Commodity Printing/Stationery,2907.5,2907.5,17644.8,88.64,Export NA,,,73.64,56.77,80.47,2.2,Export NA,9.47,2.66,19.58,85.45,7.9,16.44,32.8,40.24,18.8,11.62,17.98,12.86,5.38,12.25,6.0,Commercial Services & Supplies,Commodity Printing/Stationery,2024-12-31,2025-02-03,DOMS,129070.25,233,311742,65.1754756517338,11.9959230572225,0.160431239170891,6.66197941098757,36.3383811019958,44.380894183201,6.81421271191271,0.07950118672295055,0.16691901345043728,0.21308658654343837
17,33,296479,Easy Trip Planners Ltd.,255.130129493474,114.309747294297,135.029485455808,543272.0,EASEMYTRIP,7600.27956,C,504.469362243579,-0.07506999207886705,0.787548789077542,Easy Trip Planners Ltd.,EASEMYTRIP,543272.0,EASEMYTRIP,INE07O001026,Travel Support Services,12.15,12.15,4306.06,56.48,Export NA,59.02,,45.36,64.96,46.47,-1.15,Export NA,5.87,0.65,7.12,22.13,11.22,13.79,0.22,-49.18,17.05,17.25,30.16,11.53,9.68,15.31,4.0,Diversified Consumer Services,Travel Support Services,2024-12-31,2025-02-14,EASEMYTRIP,31453755.35,244,296479,63.7674695212608,11.9143632712503,0.233154581487526,15.6287265666372,31.4474341016598,45.5086115125751,15.7837693993043,0.059150175405557254,0.05549287786644182,0.12393206789538809
19,39,222255,Eris Lifesciences Ltd.,67.5786772791538,107.401785190042,68.3662367102087,540596.0,ERIS,11442.8436,C,243.34669917940448,-0.08075979367115771,1.6222535779548235,Eris Lifesciences Ltd.,ERIS,540596.0,ERIS,INE406M01024,Pharmaceuticals,1476.9,1476.9,20109.85,61.06,Export NA,35.4,30.26,99.48,40.48,40.18,-4.13,Export NA,5.74,5.72,7.26,69.86,8.22,8.34,24.19,-14.77,15.15,16.9,17.11,5.56,11.67,11.81,4.0,Pharmaceuticals & Biotechnology,Pharmaceuticals,2024-12-31,2025-02-04,ERIS,315300.5,270,222255,38.1794415598562,4.54268210477173,0.0,8.52593155607094,25.9403686134225,32.8167123621046,7.69677636331595,-0.3106935599035944,-0.06996974230100544,0.2379285091678101
20,40,242153,Eureka Forbes Ltd.,0.53337424278519,0.5120531115409,1700.76787892299,543482.0,EUREKAFORB,8841.032044,C,1701.813306277316,-0.048980148327509396,1.0570724793596649,Eureka Forbes Ltd.,NAN,543482.0,EUREKAFORB,INE0KCE01017,Consumer Electronics,505.65,505.65,9783.28,71.78,Export NA,227.53,,3.21,53.59,95.88,1.64,Export NA,8.42,1.55,2.27,45.63,16.74,23.07,7.04,43.7,2.26,20.72,13.86,1.56,10.69,4.65,8.0,Consumer Durables,Consumer Electronics,2024-12-31,2025-02-10,EUREKAFORB,221001.65,275,242153,96.5516512772836,2.12089439094916,0.0,4.00790628360348,43.784594645575,66.4103904978084,4.03842766003679,0.5330055369047025,0.33655953497668556,0.26898291406356617
26,48,272156,Greenlam Industries Ltd.,56.5343929505379,54.0388712785197,38.6472898912546,538979.0,GREENLAM,6391.4574,C,149.22055412031222,-0.08281078029847233,0.5249611951299915,Greenlam Industries Ltd.,GREENLAM,538979.0,GREENLAM,INE544R01021,Furniture-Furnishing,218.0,218.0,5562.22,51.23,Export NA,47.96,47.93,89.62,64.96,48.74,-2.0,Export NA,5.87,0.7,5.0,27.37,11.22,4.12,4.26,-25.57,12.84,17.25,10.93,5.05,9.68,7.66,3.0,Diversified Consumer Services,Furniture-Furnishing,2024-12-31,2025-01-30,GREENLAM,23110.35,339,272156,43.8097903076304,6.10840666289542,0.329341317365269,3.19893513323337,22.6870584148942,30.072452700552,3.00987536730119,-0.22931373590500795,-0.14408704172238662,0.01796569308417545
29,52,284232,Happiest Minds Technologies Ltd.,7.39153203126515,67.5651912131157,51.9993171104345,543227.0,HAPPSTMNDS,11113.1335,C,126.95604035481534,-0.08329591883217122,1.550631974112612,Happiest Minds Technologies Ltd.,HAPPSTMNDS,543227.0,HAPPSTMNDS,INE419U01012,IT Consulting & Software,596.35,596.35,9080.91,40.79,Export NA,52.08,72.55,4.04,27.64,26.51,-8.35,Export NA,5.09,5.29,5.95,0.62,8.69,8.78,14.62,-4.89,16.78,31.36,33.12,11.05,19.49,20.52,4.0,Software & Services,IT Consulting & Software,2024-12-31,2025-02-04,HAPPSTMNDS,945476.1,359,284232,45.2249700667951,7.54932408105593,0.772745598709851,6.94690232741296,25.5734903774057,27.8625207635542,7.54517238335778,-0.20885903853431428,-0.0783280058574121,0.23143013908404703
32,56,119126,Hindustan Foods Ltd.,61.6272295313478,46.6080778031202,53.6003345090201,519126.0,HNDFDS,5394.12038,C,161.8356418434881,-0.08253590049534865,0.30831367070289134,Hindustan Foods Ltd.,HNDFDS,519126.0,HNDFDS,INE254N01026,Packaged Foods,566.55,566.55,6657.1,65.38,Export NA,79.68,105.51,29.95,53.52,56.69,5.13,Export NA,10.76,1.48,9.43,28.9,22.28,41.72,8.67,12.75,14.41,42.17,75.29,4.83,19.26,26.66,5.0,FMCG,Packaged Foods,2024-12-31,2025-02-07,HNDFDS,111427.85,381,119126,68.9099983899533,9.74798282340389,0.0,2.47220766806247,34.0913541227538,43.8857362867547,2.26513002118861,0.13347915802981955,0.11572697787272311,0.03706180743362335
36,62,290269,Indiamart Intermesh Ltd.,2.37584250578602,146.045383711707,82.3794133367243,542726.0,INDIAMART,15861.006675,C,230.8006395542173,-0.08103316936821399,2.5819934387232273,IndiaMART InterMESH Ltd.,INDIAMART,542726.0,INDIAMART,INE933S01016,Internet & Catalogue Retail,2283.0,2283.0,13705.33,29.18,Export NA,51.92,55.96,4.27,100.12,136.73,0.47,Export NA,3.94,1.87,7.3,27.35,17.18,12.22,78.24,61.85,19.23,12.88,2.11,9.68,9.05,1.75,7.0,Retailing,Internet & Catalogue Retail,2024-12-31,2025-01-21,INDIAMART,145956.85,409,290269,43.7915550119255,9.15206622478726,0.755929320608523,13.8540129930447,31.3403940380383,32.9487917976923,13.9254523509342,-0.22957730486343408,0.05305427842114236,0.4501264834794879
39,68,220674,Jupiter Wagons Ltd.,78.9944633969018,41.5339625753593,28.8331412736802,533272.0,JWL,15395.043024,C,149.3615672459413,-0.08280770765553386,2.4807740219786614,Jupiter Wagons Ltd.,JWL,533272.0,JWL,INE209L01016,Commercial Vehicles,382.85,382.85,16251.91,42.3,Export NA,78.14,73.61,23.79,30.67,30.88,0.95,Export NA,3.29,1.46,6.36,52.11,6.56,5.83,9.05,44.65,20.51,22.1,19.44,11.27,10.64,7.09,6.0,Automobiles & Auto Components,Commercial Vehicles,2024-12-31,2025-01-29,JWL,4319323.1,473,220674,46.2598181322629,9.49154384045225,0.160685591858597,4.27120403992801,30.3750710406932,32.100797257986,4.22795203299524,-0.19390157191799867,0.031062175219628473,0.43018624013257495
40,69,213397,Keystone Realtors Ltd,892.733650714107,253.810223941537,33.4763565963233,543669.0,RUSTOMJEE,6885.21995,C,1180.0202312519673,-0.060349897066613735,0.6322192553114057,Keystone Realtors Ltd.,RUSTOMJEE,543669.0,RUSTOMJEE,INE263M01029,Realty,525.1,525.1,6617.72,48.01,Export NA,,,25.84,44.21,46.53,-3.74,Export NA,3.89,4.18,2.47,,5.6,6.28,10.94,-12.83,6.24,9.66,10.57,1.87,4.59,4.99,7.0,Realty,Realty,2024-12-31,2025-02-11,RUSTOMJEE,49816.45,495,213397,61.6787055174665,4.20784948175129,0.0,7.35161556732149,40.4466947076119,42.001809058012,6.8140135088327,0.028959639327208433,0.260515102062623,0.11918138696129606
44,82,235506,Metropolis Healthcare Ltd.,11.0939695044047,10.4820994065881,50.4712100470472,542650.0,METROPOLIS,8843.82928,C,72.04727895804001,-0.08449236786635289,1.0576801117271453,Metropolis Healthcare Ltd.,METROPOLIS,542650.0,METROPOLIS,INE112L01020,Healthcare Services,1749.7,1749.7,9063.78,59.54,Export NA,66.07,61.33,54.2,64.96,54.34,2.7,Export NA,5.87,1.81,7.58,12.76,11.22,11.68,29.39,22.02,11.66,17.25,20.11,8.21,9.68,11.41,7.0,Diversified Consumer Services,Healthcare Services,2024-12-31,2025-02-04,METROPOLIS,241069.05,580,235506,76.3123928072564,8.64111139891488,0.231696014828545,7.98727923065755,32.0034176470097,47.7286990097777,8.01488644361459,0.2404717408758447,0.06815936104492902,0.19170371181769472
45,85,132407,Moschip Technologies Ltd.,87.5821705449623,53.3230447231023,38.5671972549134,532407.0,MOSCHIP,1664.383356,C,179.47241252297798,-0.08215159939824178,-0.5018821575976566,MosChip Technologies Ltd.,NAN,532407.0,MOSCHIP,INE935B01025,IT Consulting & Software,181.8,181.8,3473.8,135.49,Export NA,333.71,285.8,6.03,27.64,26.51,0.95,Export NA,5.09,5.29,11.84,49.64,8.69,8.78,1.34,143.26,3.68,31.36,33.12,2.58,19.49,20.52,5.0,Software & Services,IT Consulting & Software,2024-12-31,2025-01-30,MOSCHIP,500400.22222222225,594,132407,267.633726201269,6.66880103022066,0.0,7.58013729200781,72.5271236029352,143.234442418743,7.46899825838307,3.0057882667721603,0.9913752441654612,0.25004895993528575
48,89,310018,Netweb Technologies India Ltd.,83.7607973421927,90.6536661022777,80.6898112574089,543945.0,NETWEB,9078.992375,S,255.10427470187932,-0.08050359885779211,1.1087636485323518,Netweb Technologies India Ltd.,NETWEB,543945.0,NETWEB,INE0NT901020,IT Consulting & Software,1540.0,1540.0,8724.7,86.27,Export NA,,,7.46,27.64,26.51,1.1,Export NA,5.09,5.29,19.13,0.47,8.69,8.78,17.85,78.15,17.95,31.36,33.12,12.39,19.49,20.52,5.0,Software & Services,IT Consulting & Software,2024-12-31,2025-01-18,NETWEB,339662.3,620,310018,119.613405315491,21.8640243300389,0.124165761291324,12.2349306011118,77.4280465581737,81.9034741226286,12.5387458136243,0.8663350638669414,1.1030286531391436,0.3703869420924036
53,96,106590,PCBL Chemical Ltd.,117.041054467103,75.6216462935955,49.77898445116,506590.0,PCBL,10118.8875,C,242.4416852118585,-0.0807795137132757,1.334655899574091,PCBL Chemical Ltd.,PCBL,506590.0,PCBL,INE602A01031,Refineries/Petro-Products,409.95,409.95,15474.08,34.72,Export NA,23.37,17.88,93.37,21.32,23.89,-4.56,Export NA,2.03,1.04,4.06,92.84,1.98,2.1,11.81,-7.61,15.12,13.5,11.99,4.34,5.84,4.92,5.0,Oil & Gas,Refineries/Petro-Products,2024-12-31,2025-01-10,PCBL,2053916.25,667,106590,18.9744388365459,3.08576989579807,2.05185599701548,2.2588658200454,12.8491363754837,15.1326755292145,1.78327755572474,-0.5882784505612493,-0.36821575032479503,0.12281405159824832
58,104,132735,R Systems International Ltd.,163.382552046001,81.3006865217008,54.5271662301115,532735.0,RSYSTEMS,6491.6697,C,299.2104047978133,-0.07954253662633061,0.5467299114984524,R Systems International Ltd.,RSYSTEMS,532735.0,RSYSTEMS,INE411H01032,IT Consulting & Software,333.0,333.0,3941.79,30.05,Export NA,36.36,30.19,83.55,27.64,26.51,-4.72,Export NA,5.09,5.29,6.13,76.01,8.69,8.78,11.08,-6.37,21.02,31.36,33.12,10.79,19.49,20.52,5.0,Software & Services,IT Consulting & Software,2024-12-31,2025-02-13,RSYSTEMS,136191.95,709,132735,37.4253130712356,13.4468524023075,1.23929287406597,7.12045941583406,25.7134038617505,28.4397704877467,7.18194829663442,-0.3215935674209841,-0.07514048023598097,0.021947055558195615
60,108,229901,RattanIndia Enterprises Ltd.,-1.95911181472029,162.731912865299,1346.70673283454,534597.0,RTNINDIA,9558.39705,C,1507.4795338851186,-0.05321463565472093,1.2129028050609327,RattanIndia Enterprises Ltd.,RTNINDIA,534597.0,RTNINDIA,INE834M01019,Electric Utilities,45.95,45.95,6351.53,17.69,Export NA,21.8,201534.7,45.97,25.86,32.17,-6.16,Export NA,2.11,1.91,4.38,55.14,4.97,4.98,2.6,-2.87,50.77,19.18,19.85,15.82,7.09,6.72,6.0,Utilities,Electric Utilities,2024-12-31,2025-02-04,RTNINDIA,2213983.8,739,229901,18.7094155844156,10.1043662728192,0.0,1583.80237501947,18.1280404893518,18.2548839592956,1488.61502102476,-0.5921090384306815,-0.24795112969276425,0.12664576280700943
61,109,100330,Raymond Ltd.,53.3576825557663,28.435406904643,17.8079099010822,500330.0,RAYMOND,12035.82069,C,99.6009993614915,-0.08389197876038486,1.751063615098021,Raymond Ltd.,RAYMOND,500330.0,RAYMOND,INE301A01014,Realty,1550.5,1550.5,10322.25,1.34,Export NA,14.54,19.3,3.65,44.21,46.53,0.0,Export NA,3.89,4.18,2.88,76.38,5.6,6.28,1160.79,382.12,35.46,9.66,10.57,12.43,4.59,4.99,6.0,Realty,Realty,2024-12-31,2025-01-29,RAYMOND,169561.15,742,100330,22.8526010392026,4.29958197766713,0.552944429084877,2.1434682703292,11.0623919960167,13.6945350662881,1.82545567152471,-0.5322243459882532,-0.408921573034948,0.20576294386105318
63,111,232353,RHI Magnesita India Ltd.,1.25303708300035,212.100829411791,124.016023967043,534076.0,RHIM,11374.07508,C,337.36989046183436,-0.07871105038249286,1.6073152679174447,RHI Magnesita India Ltd.,RHIM,534076.0,RHIM,INE743M01012,Electrodes & Refractories,467.35,467.35,9650.84,-105.39,Export NA,,55.89,,52.89,32.75,-1.28,Export NA,4.08,1.63,2.47,2.35,13.34,4.34,-4.43,82.44,-2.61,21.36,13.29,-1.96,11.85,10.67,5.0,General Industrials,Electrodes & Refractories,2024-12-31,2025-02-11,RHIM,231392.65,751,232353,0.0,2.91523762400219,0.453885257806826,4.04034071097833,26.5998199373044,221.760823039189,4.02751220966579,-0.8625308214468856,-0.05494604390049899,0.18248873681925482
65,113,273198,Route Mobile Ltd.,2.93904239972,5.4179975537932,61.2229076431841,543228.0,ROUTE,10055.50455,C,69.57994759669731,-0.08454613043810265,1.3208874753273032,Route Mobile Ltd.,ROUTE,543228.0,ROUTE,INE450U01017,Internet Software & Services,1003.0,1003.0,6318.66,18.03,Export NA,26.64,47.04,2.55,27.64,52.8,-1.83,Export NA,5.09,1.36,2.7,0.35,8.69,8.09,55.62,-9.84,17.44,31.36,7.15,10.8,19.49,5.24,2.0,Software & Services,Internet Software & Services,2024-12-31,2025-01-28,ROUTE,98875.95,761,273198,79.5973040945555,8.66353446716121,0.686877517249992,14.6488495382863,55.8333593303622,61.8830634538661,15.0739110001799,0.28795112703590275,0.611055923364154,0.3033505218426048
66,114,123025,Safari Industries (India) Ltd.,57.1927374301676,53.9830051482117,64.5362122585913,523025.0,SAFARI,8413.7625,C,175.71195483697062,-0.08223353888935493,0.964258428427618,Safari Industries (India) Ltd.,SAFARI,523025.0,SAFARI,INE429E01023,Other Apparels & Accessories,2055.9,2055.9,10050.47,67.73,Export NA,65.43,96.59,48.58,65.84,55.53,-5.18,Export NA,4.31,2.93,11.27,58.16,17.98,17.94,30.36,-13.07,21.34,26.33,27.77,15.36,10.65,13.48,5.0,Textiles Apparels & Accessories,Other Apparels & Accessories,2024-12-31,2025-02-04,SAFARI,103831.85,772,123025,54.4650690162269,10.6360611078806,0.23176313807289,5.32063305032766,32.4022431486651,39.0136936041282,5.43226426058043,-0.07530467806391744,0.07724545100230475,0.14370563964574937
68,116,132163,Saregama India Ltd.,113.672567010831,63.9184677475434,50.3390791468466,532163.0,SAREGAMA,6676.97567,C,227.930113905221,-0.08109571744893863,0.5869831848223107,Saregama India Ltd.,SAREGAMA,532163.0,SAREGAMA,INE979A01025,Movies & Entertainment,565.55,565.55,10904.34,55.09,Export NA,43.38,49.65,88.85,29.76,50.99,21.93,Export NA,4.22,7.16,7.02,83.39,8.37,18.39,10.27,2.51,14.54,19.99,35.12,9.71,12.88,19.7,5.0,Media,Movies & Entertainment,2024-12-31,2025-02-10,SAREGAMA,1103906.75,789,132163,32.8926122224122,4.97603762723895,1.15506786023679,8.15302278344348,19.760132974943,22.1837569518829,8.79978353007166,-0.3871082298051418,-0.21076860480083393,0.008951523034501384
69,121,211969,Sheela Foam Ltd.,155.249614165144,74.0642054770238,50.6599401142669,540203.0,SFL,10222.6915,C,279.9737597564347,-0.07996169861059647,1.3572048265412566,Sheela Foam Ltd.,SFL,540203.0,SFL,INE916U01025,Furniture-Furnishing,668.0,668.0,7260.98,52.15,Export NA,56.63,60.95,45.67,64.96,48.74,-3.62,Export NA,5.87,0.7,2.42,0.14,11.22,4.12,12.81,-14.4,6.24,17.25,10.93,3.41,9.68,7.66,3.0,Diversified Consumer Services,Furniture-Furnishing,2024-12-31,2025-01-31,SFL,82853.9,820,211969,60.7663231350758,3.82604374464327,0.0,5.94100169192134,36.4041062171943,41.9609616324077,5.43899054013791,0.015772264792421706,0.16841637083273528,0.24188280970440915
72,129,207945,Star Cement Ltd.,50.1176439295621,40.6484847771819,30.8512882669123,540575.0,STARCEMENT,9144.5725,C,121.6174169736563,-0.08341224618368605,1.123009356300093,Star Cement Ltd.,STARCEMENT,540575.0,STARCEMENT,INE460H01021,Cement & Cement Products,223.1,223.1,9017.26,67.57,Export NA,27.78,23.55,99.95,40.59,53.63,-1.21,Export NA,3.35,4.71,3.28,83.21,4.65,4.07,3.3,-56.04,10.88,12.67,9.89,8.19,5.35,5.51,5.0,Cement and Construction ,Cement & Cement Products,2024-12-31,2025-01-30,STARCEMENT,597546.1,862,207945,41.4346934290528,5.43324860356904,0.0,3.18060081253311,21.2243369410284,26.154871316869,3.16017555155244,-0.2636428644575948,-0.17741093610468012,0.13044914349357947
74,134,304549,Syrma SGS Technology Ltd.,90.6392252938767,59.5904903510311,128.677580518239,543573.0,SYRMA,8248.58123,C,278.90729616314684,-0.07998493660219783,0.9283767630431078,Syrma SGS Technology Ltd.,SYRMA,543573.0,SYRMA,INE0DYJ01015,Other Electrical Equipment/Products,520.0,520.0,9264.22,66.52,Export NA,77.34,,40.4,53.59,56.58,3.11,Export NA,8.42,3.24,5.63,41.77,16.74,22.62,7.82,21.42,6.65,20.72,22.32,2.9,10.69,9.14,2.0,Consumer Durables,Other Electrical Equipment/Products,2024-12-31,2025-01-28,SYRMA,1141522.45,894,304549,411.889784708071,5.74017598579254,0.322650032265003,4.74530857537462,99.752958113082,161.6386769105,4.49931774792505,5.090833648135833,1.6116374402813933,0.8079314994890255
77,138,220869,Techno Electric & Engineering Company Ltd.,78.8683604755771,-25.248980814534,-16.3632615832157,542141.0,TECHNOE,8298.50109,C,37.25611807782741,-0.08525045910305731,0.9392206541971204,Techno Electric & Engineering Company Ltd.,TECHNOE,542141.0,TECHNOE,INE285K01026,Electric Utilities,1140.0,1140.0,13258.15,36.24,Export NA,47.03,31.44,82.92,25.86,32.17,0.76,Export NA,2.11,1.91,3.79,78.18,4.97,4.98,31.46,47.7,12.41,19.18,19.85,9.47,7.09,6.72,5.0,Utilities,Electric Utilities,2024-12-31,2025-02-11,TECHNOE,492989.3,908,220869,30.4748881546706,3.78630914866799,0.907794060433147,4.85615109272166,22.7406697323567,23.2246773174757,4.93703553142092,-0.4220534823861189,-0.14286566231917436,0.0802019409070604
78,139,255331,Tega Industries Ltd.,8.63703165508019,53.1225626368215,35.8819980410809,543413.0,TEGA,8268.637125,C,97.64159233298258,-0.08393467378003551,0.9327334247480145,Tega Industries Ltd.,TEGA,543413.0,TEGA,INE011K01018,Coal & Mining,1387.0,1387.0,9228.47,49.17,Export NA,46.06,,71.45,18.22,8.32,14.7,Export NA,1.55,3.38,7.37,67.19,5.66,4.19,28.21,3.34,16.26,23.96,38.63,10.25,10.88,17.6,6.0,Metals & Mining,Coal & Mining,2024-12-31,2025-02-05,TEGA,111250.5,911,255331,65.3642039268489,7.21840912602696,0.16093341380004,11.3854311994463,43.0656984563734,47.9994113961711,11.2217538746539,0.0822290237540927,0.32018155659268505,0.17642693871625936
79,140,210859,Tejas Networks Ltd.,44.3305767912462,78.1390084038492,57.8554129076798,540595.0,TEJASNET,11199.42955,C,180.3249981027752,-0.08213302175839786,1.569377719257355,Tejas Networks Ltd.,TEJASNET,540595.0,TEJASNET,INE010J01012,Telecom Equipment,886.9,886.9,15638.03,23.51,Export NA,315.72,275.67,43.65,34.51,35.59,0.03,Export NA,2.54,3.06,4.2,70.23,9.46,11.98,37.72,798.13,1.99,8.38,8.45,0.76,5.19,5.32,5.0,Telecommunications Equipment,Telecom Equipment,2024-12-31,2025-04-25,TEJASNET,924360.05,912,210859,136.611623597026,3.65324667847508,0.0,5.35541183989605,39.6637803849278,79.9269001448089,4.72458069319879,1.1120235769608642,0.24267865495656005,0.4000659539881748
81,143,200019,Transformers & Rectifiers (India) Ltd.,64.8100244023946,31.8599069122221,21.3898789453837,532928.0,TARIL,16087.39677,C,118.0598102600004,-0.08348976559968224,2.6311712518927073,Transformers & Rectifiers (India) Ltd.,TARIL,532928.0,TARIL,INE763I01026,Heavy Electrical Equipment,564.0,564.0,16929.35,79.01,Export NA,166.1,112.14,69.35,52.89,65.02,0.21,Export NA,4.08,5.76,15.34,92.54,13.34,17.37,7.14,381.37,17.11,21.36,22.24,9.8,11.85,14.76,5.0,General Industrials,Heavy Electrical Equipment,2025-03-31,2025-04-08,TARIL,868442.95,937,200019,85.7698401267464,13.2907394407651,0.0373169138912212,8.3064718635364,51.0651541847857,54.6963490861053,8.25858766181931,0.3771676069428014,0.5024261072964656,0.5640997624426587
84,148,200054,V-Guard Industries Ltd.,10.4543849244691,60.3858359642411,48.657105995439,532953.0,VGUARD,14398.188,C,119.4973268841492,-0.08345844244955408,2.264231199611236,V-Guard Industries Ltd.,VGUARD,532953.0,VGUARD,INE951I01027,Household Appliances,358.9,358.9,15640.11,52.35,Export NA,67.76,58.43,45.49,53.59,46.79,1.9,Export NA,8.42,2.52,8.1,37.5,16.74,7.28,6.86,27.6,14.19,20.72,12.55,8.14,10.69,6.83,6.0,Consumer Durables,Household Appliances,2024-12-31,2025-01-28,VGUARD,402934.0,983,200054,62.3542027240575,8.30632744894427,0.422386483632524,3.21390787883573,36.1406501257831,43.2884936929485,3.15789210493417,0.038723127566839106,0.1624142828608155,0.4228849154952803
85,150,107880,VIP Industries Ltd.,54.9719926792746,26.25291911667,20.263458939004,507880.0,VIPIND,7464.44075,C,101.48837073494859,-0.08385085338076471,0.7580410687007096,VIP Industries Ltd.,VIPIND,507880.0,VIPIND,INE054A01027,Other Apparels & Accessories,297.0,297.0,4217.99,-64.58,Export NA,88.43,104.93,,65.84,55.53,0.34,Export NA,4.31,2.93,6.51,30.32,17.98,17.94,-4.6,-188.35,8.0,26.33,27.77,2.62,10.65,13.48,2.0,Textiles Apparels & Accessories,Other Apparels & Accessories,2024-12-31,2025-01-28,VIPIND,351697.5,989,107880,266.401540098283,12.350779737578,0.380336597889132,3.54971372150756,54.3796898769188,90.4889051892763,3.36919013766644,2.987978519510209,0.5779382531864627,0.45788937898135035
