Date,Portfolio Return,BDP_Close
2009-04-01,0.01899829189802413,0.0175108484956847
2009-04-02,0.044956896715458924,0.0425133115588121
2009-04-06,0.03037569152745411,0.0193330033577248
2009-04-08,0.0278091900303927,0.0238798291823165
2009-04-09,0.003262568737570815,0.0078264190992312
2009-04-13,0.03162402731704336,0.0195654496339745
2009-04-15,0.040496556623282505,0.0343808159986427
2009-04-16,-0.06043002008278566,-0.035150681957961
2009-04-17,0.006549573383534919,0.0093565409545521
2009-04-20,0.030568248074993563,0.0044603055098764
2009-04-21,-0.0006976982108603375,-0.0062847491894423
2009-04-22,-0.014299043137371676,-0.0093986641391836
2009-04-23,0.023075679041437865,0.0244960525788482
2009-04-24,0.01665736279876552,0.017407121272871
2009-04-27,-0.01644801758334307,-0.0008001960840854
2009-04-28,-0.03655853040953607,-0.0333874439354038
2009-04-29,0.022521860960638084,0.0301294746375009
2009-05-04,0.04614861943179808,0.0546417996241925
2009-05-05,0.015840441600583805,0.0061099329922642
2009-05-06,-0.017298404303058318,-0.013652483076657
2009-05-07,0.01765070255495384,0.0177668137426847
2009-05-08,-0.0034047142754612698,-0.0144342285759635
2009-05-11,-0.01835915696255098,-0.0161226128387347
2009-05-12,0.026147793148188332,0.032067455297537
2009-05-13,-0.012442615622953129,-0.0075242141036533
2009-05-14,-0.0028210500460741574,-0.0053555041159308
2009-05-15,0.017292676026127364,0.0201097983052869
2009-05-18,0.13076437029940358,0.1574031993160394
2009-05-19,0.054247734367265175,0.0115175796170914
2009-05-20,0.04772616308478385,0.0071374213038764
2009-05-21,0.0008515163914318913,-0.0132730360448031
2009-05-22,0.0286129239968779,0.0124827407496217
2009-05-25,0.020681293143989126,0.0103978654198397
2009-05-26,-0.03197132128089426,-0.0267914021016497
2009-05-27,0.06038689747416522,0.0383031621474634
2009-05-28,0.007971987896840239,0.0091346153846154
2009-05-29,0.021903659654245303,0.0233240583342446
2009-06-01,0.030692843757679566,0.0201222770707847
2009-06-02,-0.001874948561807335,0.0015218429749277
2009-06-03,0.020007756476972623,0.0056437170871823
2009-06-04,0.02251963004080617,0.0138088378678111
2009-06-05,-0.008723672321745467,0.0029530177998451
2009-06-08,-0.07096069064004865,-0.0377716086096309
2009-06-09,0.039593241639618686,0.0304494341526706
2009-06-10,0.006395186751331247,0.0199696756130018
2009-06-11,-0.005357913002548298,-0.0040069543032322
2009-06-12,-0.01425329217819597,-0.0133379468720035
2009-06-15,-0.02902259774921264,-0.019963325545973
2009-06-16,0.029262963385594795,0.0121450786795298
2009-06-17,-0.04683903772195727,-0.0336481212106288
2009-06-18,-0.0226854220430143,-0.0219875828402205
2009-06-19,0.02015238330840152,0.0173304225965484
2009-06-22,-0.020282910831699377,-0.012381250308708
2009-06-23,0.006935428689005923,-0.0001833791781278
2009-06-24,0.018484899073446068,0.0124405761014958
2009-06-25,-0.006219776681191496,-0.0050193876822799
2009-06-26,0.017459337180638884,0.0273937079990731
2009-06-29,0.019010080688005145,0.0079157514862173
2009-06-30,-0.038885867775406424,-0.0246015042935415
2009-07-01,0.01189477889676266,0.010619024295206
2009-07-02,-0.0016216060999211478,0.0023079625609194
2009-07-03,0.015395462742062327,0.0150022648998051
2009-07-06,-0.05618576905468664,-0.0558457980172208
2009-07-07,-0.005188284027462787,0.0072271574556206
2009-07-08,-0.05375388404599063,-0.0298651162704082
2009-07-09,0.010828432183022473,0.002382213827206
2009-07-10,-0.01498608168004371,-0.0190564646629068
2009-07-13,-0.024759042553786997,-0.014708121678764
2009-07-14,0.04961358679149637,0.0375411135327918
2009-07-15,0.047879993900556875,0.0331597431093846
2009-07-16,-0.007019709728709103,0.0012938738768712
2009-07-17,0.030274285887084425,0.0303981274148024
2009-07-20,0.017069349098091484,0.0273604477424764
2009-07-21,-0.008327569465475988,-0.0062603539977329
2009-07-22,-0.011018184101786403,-0.0136875723862001
2009-07-23,0.02836177678447376,0.0250382521438992
2009-07-24,0.026086915753588374,0.0110616819380247
2009-07-27,0.017084642832309184,0.0046729132403784
2009-07-28,0.013804628782828853,0.0021649681833404
2009-07-29,-0.02378961333060089,-0.0115721361648436
2009-07-30,0.0017773400771150228,0.0106726144886735
2009-07-31,0.009755742942227282,0.0138983947635669
2009-08-03,0.011279513413915853,0.0164433925102434
2009-08-04,-0.007166617321463537,-0.0045610676276817
2009-08-05,-0.0021359917957656685,0.0034472890864682
2009-08-06,-0.03100204630171221,-0.0227697786856434
2009-08-07,-0.023414517201159717,-0.0228625818853698
2009-08-10,-0.017185153389235163,-0.0127119232665875
2009-08-11,0.01707182346416768,0.0076539540446187
2009-08-12,0.0017771936805997444,-0.0015010114373581
2009-08-13,0.04186855743881403,0.0338497466294462
2009-08-14,0.0007970968758640674,-0.0045244584514043
2009-08-17,-0.03732654601721629,-0.0396092911395844
2009-08-18,0.01971486437849631,0.0170376068829527
2009-08-19,-0.01869064209418281,-0.0146759892816591
2009-08-20,0.01160049789314843,0.0122774415908262
2009-08-21,0.013981848631551946,0.0150730640892877
2009-08-24,0.019147187278620106,0.024224906054423
2009-08-25,0.00868258662784163,0.0040898320972169
2009-08-26,0.030562875458573474,0.0072395273181518
2009-08-27,-0.009470409980868318,0.0018917946515764
2009-08-28,0.0010474556096453584,0.0085971218259326
2009-08-31,-0.00525614950185019,-0.0082137342957043
2009-09-01,-0.007363940413973167,-0.00999568210356
2009-09-02,-0.0064283849661909385,-0.0036379192505584
2009-09-03,-0.00029752665209736406,-0.0015614465267459
2009-09-04,0.007396395803869918,0.0154389890326234
2009-09-07,0.029192468647462305,0.0226351608431403
2009-09-08,-0.009959018781678854,0.0021255772948225
2009-09-09,-0.002907761352047822,0.0010589201919617
2009-09-10,-0.008954127407874032,0.0001483500092718
2009-09-11,-0.008532374024979942,0.0005900874974003
2009-09-14,-0.0009863606023472562,-0.0005027287536677
2009-09-15,0.01174085273054959,0.0169804659350862
2009-09-16,0.01778132648361952,0.0125928532704324
2009-09-17,0.006890722100242145,0.0008234472696304
2009-09-18,0.003066802792579564,0.0036993355273859
2009-09-22,0.009002569702804733,0.0078763349951453
2009-09-23,-0.014832883026294747,-0.0100444858154108
2009-09-24,0.006113120360630696,0.0038705021812575
2009-09-25,0.0072423886876405025,-0.0012587423467999
2009-09-29,0.012247726666042937,0.0074077420641349
2009-09-30,0.00343640417099506,0.0133364055727123
2009-10-01,-0.07666552023750256,0.0005402312006408
2009-10-05,-0.02534647762036472,-0.0160365084521887
2009-10-06,-0.01072969559603504,0.0033063872332839
2009-10-07,0.0011634562431801605,-0.0013302474476553
2009-10-08,-0.0010469951028997046,0.0049768946467054
2009-10-09,-0.010044244337172187,-0.009231778129445
2009-10-12,0.009697030898033449,0.0190986114197018
2009-10-14,0.01732885221915848,0.0146272520616741
2009-10-15,0.011262448343967453,0.0016183491035968
2009-10-16,0.0029039834170580796,0.0067374769341554
2009-10-17,0.008462954876363803,0.0024274991394224
2009-10-20,-0.00928302613562229,-0.0046202559871559
2009-10-21,-0.010372921544673187,-0.0111203706192818
2009-10-22,-0.019343751107137843,-0.0148942211267775
2009-10-23,-0.0010814200308114634,0.0036809684273786
2009-10-26,-0.003279924031196438,-0.0088120059571542
2009-10-27,-0.03150387316209028,-0.0281427510301955
2009-10-28,-0.013172819320801561,-0.0027051712217985
2009-10-29,-0.029861021636587777,-0.0162146348288703
2009-10-30,-0.00648381621584645,-0.0072679962504443
2009-11-03,-0.03630115057752322,-0.0320833937057485
2009-11-04,0.04446508841810439,0.0315001951101363
2009-11-05,0.025930252163160902,0.0142646560045918
2009-11-06,0.006578997652931985,0.0119579686565531
2009-11-09,0.021592821787499623,0.0213265549289061
2009-11-10,-0.013272812260694836,-0.0022679405295594
2009-11-11,0.016520104291528604,0.0232516806565474
2009-11-12,-0.0042619748979549526,-0.0105434766047567
2009-11-13,-0.00015288530186350529,0.0067984786190542
2009-11-16,0.013854161349344711,0.0113914273697088
2009-11-17,-0.00476792655420179,0.0011190537039922
2009-11-18,0.006035033198543248,0.0003504462903296
2009-11-19,-0.010338674760154204,-0.0134587652605908
2009-11-20,0.001619527732320531,0.0111245124990051
2009-11-23,0.0061613437044601635,0.0079215864365727
2009-11-24,0.0008415484704174684,-0.001461327389901
2009-11-25,0.0006440179202260991,0.0030472580693678
2009-11-26,-0.010110832350911777,-0.0168994400842122
2009-11-27,-0.0027582033603616185,-0.013013715345568
2009-11-30,0.032620725874493786,0.017639131859233
2009-12-01,0.01719338446943849,0.0180440942873023
2009-12-02,-0.002184619854058066,0.0020107998448639
2009-12-03,0.0007363377476546059,0.0035713860372057
2009-12-04,0.014163924794915406,-0.0031166234255562
2009-12-07,-0.007636045435144279,-0.0080592119947739
2009-12-08,0.014958381457040452,0.0144507283119064
2009-12-09,-0.004027025624857251,-0.0058691919916362
2009-12-10,0.004179304474766472,0.0035536105813998
2009-12-11,-0.0074016472388255435,-0.0047386621172348
2009-12-14,-0.009335799706778697,-0.002303914122234
2009-12-15,-0.013225598991567021,-0.0142464984572761
2009-12-16,0.01219971706355748,0.0020291501041074
2009-12-17,-0.0003704731410769452,0.0024391165380865
2009-12-18,-0.00241946627411374,-0.0084814624417144
2009-12-21,-0.007508234099988952,-0.0062003670349686
2009-12-22,0.00874289756887205,0.0076266972652514
2009-12-23,0.029899714984731193,0.0256676940829929
2009-12-24,0.004941427863923293,0.0064084439279661
2009-12-29,0.003838154190316541,0.0025608816140174
2009-12-30,-0.0023467675188859386,-0.0012940425625564
2009-12-31,-1.0970596052683025e-05,0.0051740626969472
2010-01-04,0.020358435187647666,0.0089707333114106
2010-01-05,0.012889697816522779,0.0102641653738684
2010-01-06,0.009466956649376154,0.0028188441018626
2010-01-07,-0.004119835285532538,-0.0032498588105773
2010-01-08,-0.002102573124251814,-0.0020225434703403
2010-01-11,0.004733673071910061,0.0043867466208253
2010-01-12,-0.020778706508578694,-0.0084031689334616
2010-01-13,0.006946353304952844,0.005228658184589
2010-01-14,0.005380777867603177,0.0058633090943023
2010-01-15,-0.0013426758812300399,-0.0001313124537015
2010-01-18,0.003691025401589423,0.0049120162392026
2010-01-19,-0.008477517472013812,-0.008075651165962
2010-01-20,0.0010269474162877504,-0.001301764470852
2010-01-21,-0.021583863085660893,-0.0244660684223959
2010-01-22,-0.004071796204263957,-0.0106142475805218
2010-01-25,-0.013951263173741586,-0.0081400583279229
2010-01-27,-0.0408163311175464,-0.0337531380502448
2010-01-28,0.014761266343564864,0.004152986150512
2010-01-29,-0.004664514556630706,0.0049910691818073
2010-02-01,0.012810846769244103,0.0078895221124748
2010-02-02,-0.005834467467722814,-0.0131438168888292
2010-02-03,0.0065012742250299,0.0190887441274312
2010-02-04,-0.02774451251361921,-0.0172733086615078
2010-02-05,-0.031811801405056885,-0.0262019171457476
2010-02-06,0.020447421127955383,0.0100669387289717
2010-02-08,-0.001989299702154014,0.0005738206105074
2010-02-09,0.0025065456151343425,0.0066891675911475
2010-02-10,-0.004156606308352423,-0.0055271493388744
2010-02-11,0.00926455873487739,0.0117151917159428
2010-02-15,-0.00512620873176466,-0.005638931990922
2010-02-16,0.011779135567058945,0.0100956197861079
2010-02-17,0.012888569417345858,0.0105861749760873
2010-02-18,-0.004812638963038347,-0.0057931829127776
2010-02-19,-0.011469986423354206,-0.0099737090209484
2010-02-22,4.739214875961774e-06,-0.0009507454990562
2010-02-23,0.00035502822577118806,-5.424716558555254e-05
2010-02-24,-0.006881533644300353,-0.0019204538409077
2010-02-25,-0.007203443979851644,-0.0010016756713944
2010-02-26,0.017343358007195615,0.0133099944658279
2010-03-02,0.02495788550679088,0.019394389403502
2010-03-03,0.0139533299672769,0.0142502407897904
2010-03-04,0.003059612219187504,0.0018992535043453
2010-03-05,0.0022825792285386406,0.0033855180983044
2010-03-08,-0.0027001282575723003,0.0061622251905861
2010-03-09,-0.010213335140541452,-0.0057122739074945
2010-03-10,-0.002072404914466878,0.0009206309863143
2010-03-11,-0.004937487414936764,0.0012986055835617
2010-03-12,-0.0004907303199223807,-0.0005829521817279
2010-03-15,-0.0007130946270326568,-0.0033156332623858
2010-03-16,0.017717080712430607,0.011369178339299
2010-03-17,0.0032889324657906917,0.0050866008033936
2010-03-18,0.006020800654401675,0.002134254493856
2010-03-19,0.0009340913539257101,0.002902961862538
2010-03-22,-0.015956657824707177,-0.0099190362463601
2010-03-23,-0.001348338584333725,0.0029527789141488
2010-03-25,0.005487830815210749,0.0042435040009556
2010-03-26,0.0054323805366840285,0.005426662450281
2010-03-29,0.0005844000109265911,0.0028826385231888
2010-03-30,0.0011056572306518738,-0.0035835900062292
2010-03-31,0.0019057750517882353,-0.0009630072391578
2010-04-01,0.00945167147391231,0.0087635756660475
2010-04-05,0.01830416168024266,0.0134408948753543
2010-04-06,-0.001581940305066964,0.0015677105347604
2010-04-07,0.002090288456953503,0.0030811138868893
2010-04-08,0.00012718751124661315,-0.0104672481648194
2010-04-09,0.006684014847160781,0.0095712217776222
2010-04-12,-0.004258339105630322,-0.0037916294006211
2010-04-13,0.0015696548252945215,-0.0021702462770026
2010-04-15,-0.0003013180770845287,-0.0070973336469442
2010-04-16,-0.004727359605697302,-0.0031209463017428
2010-04-19,-0.018937934508053457,-0.0107077109834202
2010-04-20,0.011692435059594027,0.0078442210909848
2010-04-21,0.013676927421241184,0.005201700495188
2010-04-22,0.004773389059367532,0.0028309190060074
2010-04-23,0.024944312309837027,0.0040649016960354
2010-04-26,0.002579741772311213,0.0041519968452201
2010-04-27,0.007967219003606519,-0.0021119130259124
2010-04-28,-0.032152481437875496,-0.0155833713196884
2010-04-29,0.004285333097448123,0.0068422430132328
2010-04-30,0.008701162784709272,0.0058902168696726
2010-05-03,-0.0080835674297202,-0.0070101154674072
2010-05-04,-0.015701318473242996,-0.0153418052395789
2010-05-05,0.007138917063817549,-0.0014812620352541
2010-05-06,-0.003847266522284617,-0.0048968704823569
2010-05-07,-0.026292692631177606,-0.0184547254883332
2010-05-10,0.031073762401223254,0.0301360357838436
2010-05-11,-0.01823811223306237,-0.0111429591501921
2010-05-12,-0.0058141066637870335,0.0036572638053669
2010-05-13,0.004036421925106785,0.0068261920713057
2010-05-14,-0.01115047300706721,-0.0136017717164732
2010-05-17,-0.0077330677604903475,-0.0049640418592646
2010-05-18,0.0026744457903837724,0.0015519093791036
2010-05-19,-0.03785191023331391,-0.0271700423207549
2010-05-20,-0.005224442103039888,0.0039131276584158
2010-05-21,-0.009440276605822959,-0.006716940763453
2010-05-24,0.0022061829153500775,0.0015335911060816
2010-05-25,-0.03690983218004067,-0.0278380244998848
2010-05-26,0.022889602400632595,0.0197003122137262
2010-05-27,-0.0011402625322979856,0.0143755738999837
2010-05-28,0.014374172643454863,0.0134895364214471
2010-05-31,0.014715174748254864,0.0079642966481294
2010-06-01,-0.016838207979998354,-0.0188149570135512
2010-06-02,0.026402278543281633,0.0095330259844081
2010-06-03,0.009571523360045318,0.0150233693548866
2010-06-04,0.0032489958589792976,0.0038597299068943
2010-06-07,-0.02416761770305776,-0.0173209942370479
2010-06-08,-0.009833574340250282,-0.0082475085031992
2010-06-09,-0.0017883356160988502,0.004363401984591
2010-06-10,0.01301810190959987,0.0137929799373479
2010-06-11,-0.0009106913693634096,0.0050832262366902
2010-06-14,0.009658405444482678,0.0130853933966659
2010-06-15,0.004638687174945831,0.0048374971084894
2010-06-16,0.004356964431098169,0.0017654015820989
2010-06-17,-0.009898395468944447,0.006418643797585
2010-06-18,-0.0112059271807542,-0.00381463690308
2010-06-21,0.014097981180459046,0.0161034540555176
2010-06-22,-0.0069748330089542745,-0.0047188033103524
2010-06-23,0.008840431210275784,0.0031801434393428
2010-06-24,0.00214111044168766,-0.0006467209272114
2010-06-25,0.002469298530434267,-0.0063258587314372
2010-06-28,0.016884148966361395,0.0114894639624716
2010-06-29,-0.004112162421610344,-0.0109048785871033
2010-06-30,0.005317801699452644,0.0080218768121709
2010-07-01,-0.0022871199427281236,-0.0075082484983503
2010-07-02,-0.002096571319616264,-0.0021835643100177
2010-07-05,-0.003552945154728586,0.0002619746624941
2010-07-06,0.00682264199643756,0.0082770852134106
2010-07-07,-0.005533386596131508,-0.0063979038817997
2010-07-08,0.009546410044431058,0.0091997300465314
2010-07-09,0.012717368257343974,0.0085118963818104
2010-07-12,0.009963365017483404,0.0043317056282856
2010-07-13,0.006922173198416411,0.004192097007571
2010-07-14,-0.007876268674188074,-0.0027420013426254
2010-07-15,0.006628504547218052,-0.0011006490081667
2010-07-16,0.0033280526422485393,0.0037321572730519
2010-07-19,-0.0023107951531225047,-0.0003446953599022
2010-07-20,-0.005850520082496897,-0.0033401280659384
2010-07-21,0.006295185807391492,0.0051659265599208
2010-07-22,0.006899489286084028,0.0065700533842754
2010-07-23,-0.0018883628319065833,-0.0007278350203999
2010-07-26,-0.0021130470045475315,-0.0062227120745076
2010-07-27,0.009090205476242943,0.0025555606261125
2010-07-28,0.0001108706072634071,-0.0040718533139673
2010-07-29,-0.005078098430855087,0.0020525605069077
2010-07-30,-0.0013506693034836292,-0.0041257375533338
2010-08-02,0.00519762076696329,0.0109781519509466
2010-08-03,0.003328578484458917,0.0022074812748478
2010-08-04,0.003604605298333632,0.0031121582379047
2010-08-05,-0.0004523148110557227,-0.00172604026699
2010-08-06,0.005095747823245561,-0.0008015889517514
2010-08-09,0.011766602483406097,0.0089778797528139
2010-08-10,0.006882274402977376,-0.0040731594800683
2010-08-11,0.004998452904481524,-0.0068377069772131
2010-08-12,0.008920211026319303,0.0016021969851811
2010-08-13,0.004252856289582488,0.0065053611023231
2010-08-16,-0.01897228082946643,-0.0047379499997958
2010-08-17,-0.0013811136309703396,0.0020247868915213
2010-08-18,0.015496912423198013,0.0097582806215172
2010-08-19,0.004943282007981513,0.0098693633557997
2010-08-20,-0.008748212091144717,-0.0006128139668063
2010-08-23,0.005444224648137385,0.0037460805393927
2010-08-24,0.00696707347766037,-0.0059169387711547
2010-08-25,-0.01852246588399422,-0.0095159377197172
2010-08-26,-0.002623077967978141,0.0013113261734201
2010-08-27,-0.012946705640254762,-0.010901681927398
2010-08-30,-0.0035696586973923195,0.0014238935075381
2010-08-31,-0.005083624274051068,-0.0043175097488852
2010-09-01,0.016012483262979958,0.0143214984347865
2010-09-02,0.006933167540929963,0.0039247295831563
2010-09-03,0.006810472605754335,0.0021446392102555
2010-09-06,0.012033550585956183,0.0161659775133484
2010-09-07,0.005852018303718393,0.0036339151301569
2010-09-08,0.00041223113909499127,0.0012600816416912
2010-09-09,0.0032609485649662323,0.0055947775055718
2010-09-13,0.006840440241414898,0.0168454234723198
2010-09-14,-0.0019636301159374815,0.0030151077237996
2010-09-15,0.003801027494561606,0.0065678599712231
2010-09-16,-0.004515969259638124,-0.0058070883712864
2010-09-17,0.00653323173819431,0.0109239925095554
2010-09-20,0.0054735937956764446,0.0123449428237565
2010-09-21,0.002216679418749441,-0.0005025648352501
2010-09-22,-0.007686537798595073,-0.0032438627420986
2010-09-23,-0.0018035895889344604,-0.0038846725263831
2010-09-24,0.0051784480645276085,0.0092027212877494
2010-09-27,0.007364484746654872,0.0035138740461357
2010-09-28,-0.007402904933415923,0.000221965617775
2010-09-29,0.00012129567846161447,-0.0058920040294027
2010-09-30,-0.0009319250400988197,0.0013381357398873
2010-10-01,0.014381962574931352,0.0188842061757541
2010-10-04,0.008559404428428811,0.0042445019993289
2010-10-05,0.0006078980404517564,0.0010636787371967
2010-10-06,0.013509330947226278,0.0079513844310352
2010-10-07,-0.003037499863024643,-0.0089634474760658
2010-10-08,-0.006802926527325974,-0.0036415536152977
2010-10-11,0.008135576460120806,0.0060234599205881
2010-10-12,-0.008109112772617222,-0.007004629454369
2010-10-13,0.006958085538419294,0.0182918055810052
2010-10-14,-0.008453571866403406,-0.0072437426406206
2010-10-15,-0.009370314000925358,-0.0162914356827695
2010-10-18,-0.0016523490684946826,0.0003549190920502
2010-10-19,-0.003729414836123799,-0.0055357624097256
2010-10-20,-0.006858780103338907,-0.0051339807370058
2010-10-21,0.009500930478550234,0.0172807173184523
2010-10-22,-0.003062568213684584,-0.0027488994575897
2010-10-25,-0.0008950134544223569,0.006049961448739
2010-10-26,-0.0016558456329639883,-0.0033728443790416
2010-10-27,0.0018701727569930661,-0.0082499757389784
2010-10-28,-0.008291434889048845,-0.0045791958104756
2010-10-29,-0.005263586032859792,4.72842655385719e-05
2010-11-01,0.011315868007486645,0.0159240899453518
2010-11-02,0.002353511255014851,0.0019730895569551
2010-11-03,-0.0007225545851470084,0.0058428279287174
2010-11-04,0.010318442454975391,0.0155661174148749
2010-11-05,0.005203816005409298,0.0057760929344272
2010-11-08,-0.0014805245950105237,-0.0042426470500753
2010-11-09,0.012993267202606053,0.0043240491930791
2010-11-10,-0.0016329443817415816,-0.0020141190578729
2010-11-11,-0.005295588895268862,-0.0124023541108128
2010-11-12,-0.018814835863251028,-0.0209651779366518
2010-11-15,-0.003546560194882278,0.0054863765257058
2010-11-16,-0.017637728008692417,-0.0209539574520263
2010-11-18,0.008008657759337815,0.000493449273039
2010-11-19,-0.011088895914610472,-0.0180821300486321
2010-11-22,0.017867114725486907,0.0168381331191596
2010-11-23,-0.014166465618485852,-0.0116860451995817
2010-11-24,-0.009375322366658622,-0.0119510793520716
2010-11-25,-0.019970469159074574,-0.0140741273322069
2010-11-26,-0.031015754714824182,-0.0165422169670041
2010-11-29,0.014815282168370086,0.0119489784974
2010-11-30,0.018353868566878713,0.0104287293829776
2010-12-01,0.025556003007963558,0.0197823116918434
2010-12-02,0.009673104079601199,0.0075582775965388
2010-12-03,-0.014869321577329174,-0.0076843287334911
2010-12-06,0.001571017858342461,-0.0018784864403507
2010-12-07,-0.0033760491658082667,-0.0048456653055199
2010-12-08,-0.014700898172416415,-0.0144517798756854
2010-12-09,-0.03312812942056899,-0.0287033228802707
2010-12-10,0.010893137057317114,0.0158864797281412
2010-12-13,0.019942874505139294,0.0117472719216007
2010-12-14,0.008794498550313964,0.0080459964312216
2010-12-15,-0.010234424080500102,-0.0102714912292011
2010-12-16,0.0010144600429836444,0.0072569772364607
2010-12-20,-8.393611528369812e-06,-0.0007112872229536
2010-12-21,0.008039271890239449,0.0082619814260718
2010-12-22,-0.00561546070094604,-0.0007958104430867
2010-12-23,-0.005385258481111861,-0.0019525730288005
2010-12-24,0.002130901650652552,0.0037776404870388
2010-12-27,-0.001290811008423447,-0.0026568360314153
2010-12-28,0.002336413947084572,2.57134518637514e-05
2010-12-29,0.003635868056366458,0.0091601816865791
2010-12-30,0.005918893196828101,0.0062564653964338
2010-12-31,0.005965203039044156,0.007909006544206
2011-01-03,0.008035865083834068,0.0050772133359124
2011-01-04,-0.0053412835298267125,-0.0024832905912406
2011-01-05,0.001322574245330178,-0.0098451314960265
2011-01-06,-0.006604349987639226,-0.0081120785319047
2011-01-07,-0.027591409809612916,-0.023272338536431
2011-01-10,-0.019393469031294304,-0.0239012915840025
2011-01-11,-0.008252269215289598,-0.001526729814317
2011-01-12,0.02072529851616375,0.0166682747973756
2011-01-13,-0.0012564610687497558,-0.013885264009828
2011-01-14,-0.01038826933577628,-0.0161887524862587
2011-01-17,-0.008095212839422572,-0.003271734685143
2011-01-18,0.0063383923548562225,0.0093430553454025
2011-01-19,0.004446143452135786,-0.0022121772388841
2011-01-20,0.00018253311809980763,0.0028315843472399
2011-01-21,0.0005952399381154253,-0.0008219721663218
2011-01-24,0.007407711823029742,0.0074848843429349
2011-01-25,-0.00445804997396834,-0.0076813442151258
2011-01-27,0.0009216923263915353,-0.0161828607871326
2011-01-28,-0.026795906930788906,-0.0197396882686674
2011-01-31,-0.0038287614973618236,-0.0012959647161346
2011-02-01,-0.016410798488931958,-0.0163321077004442
2011-02-02,0.006852821980161789,0.0025185863400205
2011-02-03,0.0194813492768814,0.016008182623874
2011-02-04,-0.014791864728650182,-0.0204884865150951
2011-02-07,-0.002040734598866702,-0.0013022229274142
2011-02-08,-0.02458953868325565,-0.0179500244753543
2011-02-09,-0.04465602667905453,-0.0186993256291528
2011-02-10,0.026767580347280405,-0.0033967482113974
2011-02-11,0.023903638031253744,0.0179447514470851
2011-02-14,0.03741411023703688,0.0292030539715539
2011-02-15,0.006438019731684657,0.003998623028427
2011-02-16,0.003703488665813558,0.0023320954997356
2011-02-17,0.006474462056639896,0.0103484491461576
2011-02-18,-0.02415362655093857,-0.0167256600025182
2011-02-21,0.005206649403279363,0.0087049934904634
2011-02-22,-0.01750183877917671,-0.0086341022353311
2011-02-23,-0.004192343057315156,-0.0056843081791432
2011-02-24,-0.027162732777687014,-0.0291893299676453
2011-02-25,0.016083376204338543,0.004085970469577
2011-02-28,-0.0036511302333470603,0.0056503976124171
2011-03-01,0.027817449023468784,0.0329659581922223
2011-03-03,-0.0067732641886362665,0.0016166800683414
2011-03-04,0.00041205249737918796,0.0003795323427868
2011-03-07,-0.015865846597313115,-0.0126664936618168
2011-03-08,0.011693023073432361,0.0107505838826948
2011-03-09,0.0019985717532000243,0.0030371081190705
2011-03-10,-0.005889927776026,-0.0051653445676524
2011-03-11,-0.01210929285412534,-0.0088773822203086
2011-03-14,0.005837711770484143,0.0123307363860325
2011-03-15,-0.01617410662192734,-0.014326146028161
2011-03-16,0.018956666639798427,0.0117933310037863
2011-03-17,-0.010744275176383234,-0.0082688026088766
2011-03-18,-0.004570514344057338,-0.0115432536618573
2011-03-21,0.005128482417528696,-0.0018943632585937
2011-03-22,0.005398903947053941,0.0081907332746009
2011-03-23,-0.0011874458236526024,0.0106653312881763
2011-03-24,0.0031772351049612958,0.0074123606544342
2011-03-25,0.010494525865305908,0.0188279064523628
2011-03-28,0.004292252077321932,0.0052728769131815
2011-03-29,0.006545112438091105,0.0069596852868289
2011-03-30,0.008370280685989015,0.0108716000628574
2011-03-31,0.010775405824885035,0.0053462490419333
2011-04-01,0.0037906695504978044,0.0036532271293461
2011-04-04,0.011306284701079793,0.0145516804364165
2011-04-05,0.009249735860212596,0.003174414535755
2011-04-06,0.0033246517693617072,-0.0005725876618547
2011-04-07,0.011263149196982215,0.0017213812141598
2011-04-08,-0.01583174821193084,-0.0088892570285085
2011-04-11,-0.008023894154663359,-0.0089716377915152
2011-04-13,0.01562657644651118,0.0186612266533878
2011-04-15,-0.009738141522032888,-0.0108331427940677
2011-04-18,-0.014537970036160015,-0.0137548256136799
2011-04-19,0.0018769903607172185,0.0020164331896552
2011-04-20,0.024668058169753745,0.0159807070064808
2011-04-21,-0.008744659630985245,0.0032310776212811
2011-04-25,-0.0026788467755145488,-8.704517248803167e-05
2011-04-26,-0.00575672444629587,-0.0009021830455535
2011-04-27,0.0024661520929204366,-0.0033836010862375
2011-04-28,-0.009665211693320984,-0.0078922897177691
2011-04-29,-0.00824646285575067,-0.0083342679676776
2011-05-02,-0.0023866912982337327,-0.0081606109484944
2011-05-03,-0.018407721183414973,-0.0221583296341696
2011-05-04,-0.010615708298329514,-0.0047256118723363
2011-05-05,-0.00804946254824497,-0.013317971450331
2011-05-06,0.012159637540691375,0.0151149738894904
2011-05-09,0.003470873155059893,0.0009441976408985
2011-05-10,-0.0017365633697391642,-0.0007360020480057
2011-05-11,0.004587671089641908,0.0046378611537707
2011-05-12,-0.006909846387914098,-0.0118092994248493
2011-05-13,0.00940335717864347,0.0105942395049851
2011-05-16,-0.007562023140415094,-0.0085083883466581
2011-05-17,-0.004985085773474476,-0.0090670891816385
2011-05-18,-0.007585425221347108,-0.0050143084350555
2011-05-19,-0.008325239630202201,-0.0004698874541468
2011-05-20,0.001802043580819351,0.0085812527606439
2011-05-23,-0.019899849006010384,-0.016536292395108
2011-05-24,0.000900160871963753,0.0019645127664693
2011-05-25,-0.0026773030443793338,-0.0067822865994821
2011-05-26,0.006209901828692286,0.0082487072277264
2011-05-27,0.008798896169110474,0.0129047265005686
2011-05-30,0.001947446531156409,0.003155845217063
2011-05-31,0.015694367693472246,0.0159416544715562
2011-06-01,-0.0028285889175208964,0.0058240079625648
2011-06-02,-0.012703149538287453,-0.0070808330973971
2011-06-03,-0.007779495974646768,-0.0060530475634166
2011-06-06,-0.005835066661353796,0.0011503008747022
2011-06-07,0.00575669631980526,0.0053707127148598
2011-06-08,-0.0009394558892301796,-0.0037356798937406
2011-06-09,0.001382718062202074,-0.0009290892425631
2011-06-10,-0.005011333646198457,-0.0058507821198764
2011-06-13,0.0002626533929603322,0.0007131051956006
2011-06-14,0.005519100196911525,0.0035825466820922
2011-06-15,-0.00812421749519677,-0.0089800850950079
2011-06-16,-0.006393690615271645,-0.0081609314897598
2011-06-17,-0.00639820260683433,-0.0069518709003012
2011-06-20,-0.06133575998632085,-0.0216163711026703
2011-06-21,-0.006236271619086878,0.001160461502127
2011-06-22,-0.009276017520604082,-0.0026385915862129
2011-06-23,0.0007120505471671095,0.005117400915146
2011-06-24,0.01973299972288735,0.0257211046115544
2011-06-27,-0.004444962707463916,0.0105603784005776
2011-06-28,0.00935689701775303,0.0036169380888384
2011-06-29,0.008389702366393656,0.0085510662302699
2011-06-30,0.004447706569139177,0.0058702020789376
2011-07-01,0.004709842983066281,0.0006579200916134
2011-07-04,0.00715761092797529,0.0063231592412758
2011-07-05,0.0007152211496500016,-0.0024671715825571
2011-07-06,0.002155436328581159,-0.0011140007837742
2011-07-07,0.009824530839303517,0.0158232840276053
2011-07-08,-0.012373879716763708,-0.0112285354694783
2011-07-11,-0.006095349622929284,-0.0067794850923712
2011-07-12,-0.01552521221480852,-0.0131014994946682
2011-07-13,0.009163286398130788,0.0109026259653874
2011-07-14,0.003140244338519017,0.0030377290356726
2011-07-15,-0.00677157499402308,-0.0021903246462363
2011-07-18,-0.00043696163589707207,-0.0007711884013265
2011-07-19,0.003768518943513368,0.0062073451746986
2011-07-20,-0.010220339311105204,-0.0092535776117114
2011-07-21,-0.004913102796029995,-0.0049589404705947
2011-07-22,0.01682248709829262,0.0149884752130244
2011-07-25,0.013248878710103586,0.0074191592258339
2011-07-26,-0.01248655070111222,-0.0155307142633915
2011-07-27,-0.009035007118618066,-0.0030378272289246
2011-07-28,-0.013323620272040995,-0.0104259825841375
2011-07-29,-0.0009097098010299723,-0.0051315124951208
2011-08-01,0.006427183956614901,0.0037644259637112
2011-08-02,-0.010890176819087577,-0.0106205029924012
2011-08-03,-0.005088201231538918,-0.0072143942386797
2011-08-04,-0.005426824650902832,-0.011000781593195
2011-08-05,-0.03568132003852933,-0.0209858685729694
2011-08-08,-0.026204653187119425,-0.0165938247108785
2011-08-09,-0.018534918318527056,-0.0092645019038289
2011-08-10,0.020531321109181086,0.016629448592945
2011-08-11,-0.012277671256510787,-0.0040213201351544
2011-08-12,-0.011350961669838958,-0.0100968774637455
2011-08-16,-0.02028226748389096,-0.0106463534203182
2011-08-17,-0.013693807798140077,0.0003735371067188
2011-08-18,-0.023379787215004003,-0.0217104049916404
2011-08-19,-0.023198122151049,-0.0167598287562393
2011-08-22,0.021691117714029328,0.0118295005498039
2011-08-23,0.014753833779430466,0.0089430003131849
2011-08-24,-0.0159423735894072,-0.0100432865495079
2011-08-25,-0.014220947087153782,-0.0085554371002132
2011-08-26,-0.023085826005223024,-0.0208417999851355
2011-08-29,0.02485463261380796,0.0322366009208612
2011-08-30,0.0067346377750522,0.0149539085430343
2011-09-02,0.0019514655580540714,0.0078400300899306
2011-09-05,0.007061531922174338,-0.0017451606587866
2011-09-06,0.010082013067919426,0.0068641435831748
2011-09-07,0.021163852598246248,0.013213177569098
2011-09-08,0.003915026802231622,0.0045627262214078
2011-09-09,-0.01293074214045884,-0.0158850475729142
2011-09-12,-0.021738413694059787,-0.0211669550606691
2011-09-13,1.8298615152959014e-05,-0.0004392295634089
2011-09-14,0.005491446598730314,0.0109001641235537
2011-09-15,0.015556056304383392,0.0104047787640524
2011-09-16,0.0032567884428839457,0.0027560689002024
2011-09-19,0.000719108875865898,-0.0079559270747111
2011-09-20,0.02681797916889492,0.017254342238373
2011-09-21,0.0066425266998576,0.0016419374561535
2011-09-22,-0.04842461797155843,-0.0372257300118481
2011-09-23,-0.012587213364936052,-0.0098341145480403
2011-09-26,-0.01746321857103076,-0.0099066132188861
2011-09-27,0.018559471609010107,0.0237916289948658
2011-09-28,-0.007499567028599678,-0.0060421038254758
2011-09-29,0.010097039051742411,0.0094406942954534
2011-09-30,-0.014638313120201875,-0.0122032902013256
2011-10-03,-0.021206449724117366,-0.0174184435368696
2011-10-04,-0.016511731073895832,-0.0154561377505565
2011-10-05,-0.0007610773660923465,-0.0055038000501816
2011-10-07,0.01576538447101773,0.0225162975803892
2011-10-10,0.03679799118478198,0.0165635128337378
2011-10-11,-0.0001306118659269483,0.0012856388967621
2011-10-12,0.010921995505832038,0.0216604578567249
2011-10-13,-0.0030789992698824365,-0.0032130960836661
2011-10-14,0.004070409324226098,0.0085124354042369
2011-10-17,0.0002222738458051779,-0.0022201648221127
2011-10-18,-0.022668934124530596,-0.0143746661579549
2011-10-19,0.005112003150899982,0.0171314167328604
2011-10-20,-0.007291255689195109,-0.0081093629879964
2011-10-21,-0.007089557471032558,-0.0083736463423618
2011-10-24,0.009622489693044203,0.0057033455499975
2011-10-25,0.0023141030180885286,0.0132133574023887
2011-10-26,0.00912410707969975,0.0045885145880133
2011-10-28,0.0358006690467557,0.0254231906671262
2011-10-31,0.0036874403838700713,-0.0027911338373002
2011-11-01,-0.017739099040412137,-0.0100661515304749
2011-11-02,-0.001770206231315516,-0.0002449523388468
2011-11-03,0.001258957050444185,0.0018764360861367
2011-11-04,0.00010801103099705083,0.0053652644607147
2011-11-08,-0.002306927946625762,6.526175898247111e-05
2011-11-09,-0.01843144014235564,-0.0128690756571727
2011-11-11,-0.019837493581952637,-0.0104991924276002
2011-11-14,-0.02394704540569886,-0.0072427788583739
2011-11-15,-0.029183498939473786,-0.0183415236985272
2011-11-16,-0.02490217278857758,-0.0076749892883574
2011-11-17,-0.027017788617850275,-0.0180609484392344
2011-11-18,-0.010116154994472427,-0.0063767596850635
2011-11-21,-0.023495864047884733,-0.023401694217004
2011-11-22,0.01458355421215669,0.0054509562242734
2011-11-23,-0.025083969986686012,-0.0211841212506597
2011-11-24,0.019643497453009043,0.0113035121088727
2011-11-25,-0.008703390857351365,-0.0051423926198552
2011-11-28,0.03202226899405516,0.0260528912801445
2011-11-29,-0.003062368133946993,-0.0096926759960294
2011-11-30,-0.006163722582334622,0.0018474479668244
2011-12-01,0.01606618437445908,0.0175903220532942
2011-12-02,0.023671443307278175,0.0213298846512224
2011-12-05,-0.000831157174827023,-0.0008918782452492
2011-12-07,-0.0035113001849422553,0.0028464820441771
2011-12-08,-0.02374996380744573,-0.0209881659963138
2011-12-09,-0.0249054304478076,-0.0135180858518719
2011-12-12,-0.02419194039518347,-0.0207484325700325
2011-12-13,0.01324526953097018,0.0043807010117611
2011-12-14,-0.015069153424222137,-0.008630634621042
2011-12-15,-0.006002295431507082,-0.0040327958495044
2011-12-16,-0.01713234793839962,-0.0197970248387632
2011-12-19,-0.013697385672241012,-0.0116396225319593
2011-12-20,-0.0018758317771153461,-0.0161290322580643
2011-12-21,0.02293206433264077,0.0266299050813525
2011-12-22,0.008483511145998109,0.0092439432841999
2011-12-23,-0.0014387950166797807,-0.0037626927320708
2011-12-26,0.016895450407591005,0.0116216358758249
2011-12-27,-0.012818720309172917,-0.0062712953277251
2011-12-28,0.006368137553529092,-0.0097091650659605
2011-12-29,-0.01445171737912128,-0.0091942551286169
2011-12-30,0.0004816690547742534,-0.0032771729381407
2012-01-02,-0.004353230990901532,0.0012373067897857
2012-01-03,0.045636981736478455,0.0270592119021817
2012-01-04,-8.436431172666376e-06,-0.0013395283715811
2012-01-05,-0.0029356091695188647,5.729278127808435e-05
2012-01-06,-0.0036975497232537595,-6.23444547979135e-05
2012-01-07,0.0025678129338072763,0.0013126853599352
2012-01-09,0.01386664068423889,0.0009003414566011
2012-01-10,0.02645249635304945,0.0224193532115799
2012-01-11,0.0164387611266267,0.0048315375406191
2012-01-12,0.01328403135905644,-0.0021439349553047
2012-01-13,0.028325456190416445,0.0080922921491317
2012-01-16,0.01072412684768236,0.0015098023265271
2012-01-17,0.011013273594113145,0.0166705112918266
2012-01-18,-0.013761551048506904,-0.0048686565256294
2012-01-19,0.038741112522534385,0.0133928929837039
2012-01-20,-0.0034638426493711337,0.00518907236815
2012-01-23,-0.0005341502433805411,0.0003105252289927
2012-01-24,0.025708129246641186,0.0155214416504099
2012-01-25,0.0199494056196363,0.0082038184142905
2012-01-27,0.012580890761835687,0.0087957854105391
2012-01-30,-0.035995484340002354,-0.0209563389263689
2012-01-31,0.02834895392347997,0.0205836795372451
2012-02-01,0.03395076005621552,0.0085031858317898
2012-02-02,0.005375154941604081,0.0068856926570779
2012-02-03,-0.006311707050176064,0.0100729571399358
2012-02-06,0.01146259829691487,0.0092207334011167
2012-02-07,-0.02386170680170235,-0.0061052510469199
2012-02-08,0.022891694167332142,0.0075526638389318
2012-02-09,0.006036214771451493,0.0086214134522331
2012-02-10,-0.0016293270481606231,-0.0032552311520801
2012-02-13,-0.011504362653912569,0.0021435426327627
2012-02-14,0.011672407878152456,0.005707785922939
2012-02-15,0.01622877420219815,0.0209759813456378
2012-02-16,0.0024199689182346873,0.0012772119474135
2012-02-17,0.009261033557499652,0.0063864461155163
2012-02-21,0.009156928621664916,0.0074438426506184
2012-02-22,-0.0472931006758268,-0.0237121774219565
2012-02-23,-0.01048524513054525,-0.0039450565395848
2012-02-24,-0.010235962727667658,-0.008832925870636
2012-02-27,-0.03947109774982277,-0.0280969919571123
2012-02-28,0.038412211898331175,0.0229082039818351
2012-02-29,0.012555219058761303,0.0037252097900561
2012-03-01,-2.0080727279161927e-05,-0.0069706939194549
2012-03-02,-0.0017048222288753758,0.0017857457544483
2012-03-03,0.00276842478551748,0.000903008660674
2012-03-05,-0.01600608574460984,-0.0139620375523594
2012-03-06,-0.024801107028299837,-0.0105577893403163
2012-03-07,-0.008080473719121763,-0.001541720271595
2012-03-09,0.022947027712614105,0.0213994034087492
2012-03-12,0.012353822068774778,0.0065622032987657
2012-03-13,0.023496318038682157,0.0123471233674026
2012-03-14,0.004882954676197492,0.0056295016511471
2012-03-15,-0.01807674944862252,-0.014815921441428
2012-03-16,-0.017849206116624876,-0.0120292376087917
2012-03-19,-0.015692832297440715,-0.0116266885484939
2012-03-20,0.00171778274179871,0.0044273489213841
2012-03-21,0.016059101869967566,0.0175703841133638
2012-03-22,-0.0343367044851107,-0.0241583088015078
2012-03-23,0.005689634959691239,0.0087476738493508
2012-03-26,-0.015163036187957822,-0.0175143070858663
2012-03-27,0.010742673454414533,0.0086149207466565
2012-03-28,-0.009106878033247274,-0.0089532031140012
2012-03-29,0.003829215288332087,-0.0003430474705159
2012-03-30,0.018195698271059456,0.0218809383073641
2012-04-02,0.011515974105461518,0.0068731572586073
