Sr.No.,Accord Code,Company Name,GB+CWIP_1Y_CAGR,GB+CWIP_2Y_CAGR,GB+CWIP_3y_CAGR,CD_BSE Code,CD_NSE Symbol,FH_Market Capitalization,CONS_FH_1,GB+CWIP_CAPEX_SUM,ZSCORE_CAPEX,ZSCORE_MCAP,Stock Name,NSE Code,BSE Code,Stock Code,ISIN,Industry Name,Current Price,Current Price.1,Market Capitalization,PE TTM Price to Earnings,Forecaster Estimates 1Y forward PE,PE 3Yr Average,PE 5Yr Average,%Days traded below current PE Price to Earnings,Sector PE TTM,Industry PE TTM,PEG TTM PE to Growth,Forecaster Estimates 1Y forward PEG,Sector PEG TTM,Industry PEG TTM,Price to Book Value,%Days traded below current Price to Book Value,Sector Price to Book TTM,Industry Price to Book TTM,Basic EPS TTM,EPS TTM Growth %,ROE Annual %,Sector Return on Equity ROE,Industry Return on Equity ROE,RoA Annual %,Sector Return on Assets,Industry Return on Assets,Piotroski Score,sector_name,Industry Name.1,Latest financial result,Result Announced Date,STOCK NAME,MA
1,304714,Aether Industries Ltd.,57.6591544029414,81.1293473013914,68.5026087698255,543534.0,AETHER,10347.51575,C,207.2911104741583,-0.08154543649364863,1.3843198981857139,Aether Industries Ltd.,AETHER,543534.0,AETHER,INE0BWX01014,Specialty Chemicals,848.0,848.0,11243.65,105.38,Export NA,117.53,,39.36,51.17,59.04,-8.66,Export NA,13.03,14.6,5.28,0.14,7.59,9.19,8.05,-12.17,3.99,14.53,14.4,3.43,9.9,9.72,2.0,Chemicals & Petrochemicals,Specialty Chemicals,2024-12-31,2025-01-17,AETHER,65652.5
3,131921,Agarwal Industrial Corporation Ltd.,64.9708731592191,59.1672255820905,51.1124346268908,531921.0,AGARIND,1197.37189,C,175.2505333682004,-0.08224359315495149,-0.6033291869959747,Agarwal Industrial Corporation Ltd.,AGARIND,531921.0,AGARIND,INE204E01012,Petrochemicals,1040.1,1040.1,1555.76,12.63,Export NA,14.25,13.97,52.19,51.17,24.73,0.53,Export NA,13.03,2.3,2.75,63.18,7.59,3.5,82.33,23.76,21.37,14.53,17.29,9.75,9.9,10.64,5.0,Chemicals & Petrochemicals,Petrochemicals,2024-12-31,2025-02-13,AGARIND,28072.95
4,272417,AGI Infra Ltd.,51.7220535505763,9.53056155725487,30.9384069367933,539042.0,AGIIL,1105.000515,C,92.19102204462448,-0.08405344042840557,-0.6233946506460428,AGI Infra Ltd.,NAN,539042.0,AGIIL,INE976R01025,Realty,792.0,792.0,1935.13,32.11,Export NA,23.36,18.29,93.87,44.21,46.53,4.29,Export NA,3.89,4.18,7.52,96.92,5.6,6.28,24.67,7.48,23.18,9.66,10.57,4.82,4.59,4.99,5.0,Realty,Realty,2024-12-31,2025-02-05,AGIIL,30594.5
6,310218,Allcargo Terminals Ltd.,5.54165746866615,137.658568831172,,543954.0,ATL,1310.048406,C,,,-0.5788529189311729,Allcargo Terminals Ltd.,NAN,543954.0,ATL,INE0NN701020,Warehousing & Logistics,26.22,26.22,660.9,16.08,Export NA,,,8.83,32.6,37.34,-1.07,Export NA,1.61,6.02,2.55,5.25,19.63,5.27,1.63,-15.03,18.67,132.52,13.61,5.62,8.54,8.59,6.0,Transportation,Warehousing & Logistics,2024-12-31,2025-02-10,ATL,557295.8
7,131761,Apollo Pipes Ltd.,77.1727994832953,46.3440453961443,34.3989037929934,531761.0,APOLLOPIPE,2503.060286,C,157.91574867243298,-0.08262131404829176,-0.31969972875467595,Apollo Pipes Ltd.,APOLLOPIPE,531761.0,APOLLOPIPE,INE126J01016,Plastic Products,397.0,397.0,1748.71,62.8,Export NA,125.16,72.22,62.3,52.89,33.1,-1.38,Export NA,4.08,4.22,2.57,18.63,13.34,7.56,6.32,-45.35,7.39,21.36,16.41,5.15,11.85,12.3,5.0,General Industrials,Plastic Products,2024-12-31,2025-01-27,APOLLOPIPE,134557.3
8,207778,Ashoka Buildcon Ltd.,0.870527497205043,59.3369949700643,0.72623367425837,533271.0,ASHOKA,4397.528928,C,60.93375614152772,-0.08473452892229237,0.0918281030248667,Ashoka Buildcon Ltd.,ASHOKA,533271.0,ASHOKA,INE442H01029,Roads & Highways,199.3,199.3,5594.81,3.7,Export NA,10.55,8.51,13.49,40.59,6.82,0.01,Export NA,3.35,3.73,1.98,39.39,4.65,1.81,53.84,365.96,22.65,12.67,10.32,2.63,5.35,3.73,8.0,Cement and Construction ,Roads & Highways,2024-12-31,2025-02-10,ASHOKA,2259294.25
11,131112,Balu Forge Industries Ltd.,234.726799531641,95.036190120785,63.7483077582778,531112.0,BALUFORGE,2098.5173145,C,393.5112974107038,-0.07748774229079877,-0.40757697741015847,Balu Forge Industries Ltd.,NAN,531112.0,BALUFORGE,INE011E01029,Castings & Forgings,578.35,578.35,6482.84,38.23,Export NA,61.92,51.11,74.97,52.89,42.85,0.35,Export NA,4.08,0.55,7.08,32.23,13.34,6.02,15.13,110.33,16.94,21.36,14.8,13.14,11.85,9.11,6.0,General Industrials,Castings & Forgings,2024-12-31,2025-02-07,BALUFORGE,940329.95
12,207837,Bansal Wire Industries Ltd.,183.220727666231,95.7193997751605,64.6357816278587,544209.0,BANSALWIRE,0.0,C,343.5759090692502,-0.07857582269241074,-0.8634294846737829,Bansal Wire Industries Ltd.,BANSALWIRE,544209.0,BANSALWIRE,INE0B9K01025,Iron & Steel Products,370.0,370.0,5792.57,42.95,Export NA,,,19.69,18.22,22.97,,Export NA,1.55,1.1,4.86,,5.66,6.77,8.62,,18.27,23.96,18.02,6.1,10.88,9.85,1.0,Metals & Mining,Iron & Steel Products,2024-12-31,2025-01-29,BANSALWIRE,147460.25
13,245011,Best Agrolife Ltd.,73.6564704078503,48.1676998795258,146.202514712202,539660.0,BESTAGRO,1083.17745,C,268.0266849995781,-0.08022202256783978,-0.6281351876088257,Best Agrolife Ltd.,NAN,539660.0,BESTAGRO,INE052T01013,Agrochemicals,345.05,345.05,815.86,42.32,Export NA,12.0,16.69,97.14,51.17,37.19,-0.48,Export NA,13.03,6.0,1.08,14.88,7.59,5.17,8.15,-88.68,17.3,14.53,17.06,5.27,9.9,12.59,4.0,Chemicals & Petrochemicals,Agrochemicals,2024-12-31,2025-02-14,BESTAGRO,123210.45
15,281585,BLS International Services Ltd.,29.8871417548747,52.2874032059934,64.2219072975311,540073.0,BLS,12934.843515,C,146.39645225839922,-0.08287231681576326,1.9463547408999171,BLS International Services Ltd.,BLS,540073.0,BLS,INE153T01027,Travel Support Services,386.5,386.5,15913.79,35.06,Export NA,52.7,48.43,64.34,64.96,46.47,0.69,Export NA,5.87,0.65,11.14,83.07,11.22,13.79,11.02,50.57,25.91,17.25,30.16,19.36,9.68,15.31,8.0,Diversified Consumer Services,Travel Support Services,2024-12-31,2025-02-11,BLS,3222142.45
16,307329,Blue Jet Healthcare Ltd.,61.910216528495,39.2337304867557,33.2574665979633,544009.0,BLUEJET,6634.168925,S,134.401413613214,-0.08313368589488525,0.5776844471367968,Blue Jet Healthcare Ltd,BLUEJET,544009.0,BLUEJET,INE0KBH01020,Pharmaceuticals,745.15,745.15,12925.77,55.1,Export NA,,,56.7,40.48,40.18,,Export NA,5.74,5.72,13.99,86.26,8.22,8.34,13.52,,19.37,16.9,17.11,15.46,11.67,11.81,5.0,Pharmaceuticals & Biotechnology,Pharmaceuticals,2024-12-31,2025-01-29,BLUEJET,557444.05
19,131595,Capri Global Capital Ltd.,36.3819783898463,157.810474215414,99.1730498566572,531595.0,CGCL,16853.5242,C,293.36550246191746,-0.0796698956775417,2.797594043563668,Capri Global Capital Ltd.,CGCL,531595.0,CGCL,INE180C01042,Finance (including NBFCs),166.2,166.2,13713.43,35.77,Export NA,68.86,65.74,64.96,21.62,37.14,0.77,Export NA,4.95,25.92,3.42,61.88,4.05,4.62,4.65,46.49,7.28,17.25,15.84,1.84,2.86,4.26,5.0,Banking and Finance,Finance (including NBFCs),2024-12-31,2025-01-23,CGCL,286719.55
21,311653,Cello World Ltd.,66.1552028333504,39.4150604676479,27.3813753911799,544012.0,CELLO,16440.474415,C,132.95163869217822,-0.08316527615042789,2.7078688938992186,Cello World Ltd.,CELLO,544012.0,CELLO,INE0LMW01024,Houseware,581.35,581.35,12841.15,37.83,Export NA,,,14.67,53.59,40.52,,Export NA,8.42,0.9,6.44,,16.74,7.28,15.37,,28.8,20.72,24.77,16.79,10.69,15.21,4.0,Consumer Durables,Houseware,2024-12-31,2025-02-11,CELLO,195385.8
22,132548,Century Plyboards (India) Ltd.,52.7576934531862,40.9275881477127,33.4443905752674,532548.0,CENTURYPLY,14211.295945,C,127.12967217616628,-0.08329213543550237,2.2236333873984258,Century Plyboards (India) Ltd.,CENTURYPLY,532548.0,CENTURYPLY,INE348B01021,Forest Products,731.7,731.7,16256.4,76.54,Export NA,44.72,46.99,92.51,58.46,59.57,-1.86,Export NA,1.15,1.16,7.2,38.76,5.59,5.86,9.56,-41.25,14.75,13.77,14.11,9.18,9.08,9.23,3.0,Forest Materials,Forest Products,2024-12-31,2025-02-07,CENTURYPLY,682032.3
24,222554,Data Patterns (India) Ltd.,43.3281699491038,55.1999394248309,65.9851569682526,543428.0,DATAPATTNS,13563.48,S,164.5132663421873,-0.08247755568545173,2.0829109255282625,Data Patterns (India) Ltd.,DATAPATTNS,543428.0,DATAPATTNS,INE0IX101010,Aerospace & Defence,2175.0,2175.0,12176.52,68.09,Export NA,82.93,,49.09,52.89,44.54,8.78,Export NA,4.08,1.29,9.02,31.11,13.34,11.27,31.94,7.76,13.72,21.36,24.52,10.73,11.85,8.89,6.0,General Industrials,Aerospace & Defence,2024-12-31,2025-02-05,DATAPATTNS,722572.6
25,305814,DCX Systems Ltd.,148.667512690355,81.0739039635734,51.336771692059,543650.0,DCXINDIA,3279.3216,C,281.0781883459874,-0.07993763337062967,-0.15107559406986498,DCX Systems Ltd.,DCXINDIA,543650.0,DCXINDIA,INE0KL801015,Aerospace & Defence,293.0,293.0,3263.62,63.84,Export NA,46.02,,86.94,52.89,44.54,-1.63,Export NA,4.08,1.29,2.44,1.32,13.34,11.27,4.59,-39.1,6.72,21.36,24.52,4.1,11.85,8.89,3.0,General Industrials,Aerospace & Defence,2024-12-31,2025-02-06,DCXINDIA,520623.35
26,208045,Devyani International Ltd.,85.4667352266435,60.6515731230666,51.4345426753226,543330.0,DEVYANI,18142.1637,C,197.5528510250327,-0.08175763088332579,3.077520038443489,Devyani International Ltd.,DEVYANI,543330.0,DEVYANI,INE872J01023,Restaurants,175.65,175.65,21188.07,955.87,Export NA,263.89,,93.97,59.17,123.61,-11.83,Export NA,1.57,1.74,18.18,25.11,11.09,17.65,0.18,-80.8,4.48,12.4,12.54,0.95,5.99,3.4,3.0,Hotels Restaurants & Tourism,Restaurants,2024-12-31,2025-02-11,DEVYANI,2316986.45
27,305121,Dharmaj Crop Guard Ltd.,128.346078039596,116.003227607736,88.9429330917023,543687.0,DHARMAJ,754.34904,S,333.2922387390343,-0.07879990145728254,-0.6995652654653556,Dharmaj Crop Guard Ltd.,DHARMAJ,543687.0,DHARMAJ,INE00OQ01016,Agrochemicals,222.0,222.0,750.3,22.14,Export NA,,,73.72,51.17,37.19,-0.92,Export NA,13.03,6.0,1.9,13.82,7.59,5.17,10.03,-24.06,12.34,14.53,17.06,7.87,9.9,12.59,4.0,Chemicals & Petrochemicals,Agrochemicals,2024-12-31,2025-02-10,DHARMAJ,94900.9
28,123736,Dhunseri Ventures Ltd.,12.6875865295618,92.6574542623461,67.8885916781007,523736.0,DVL,1130.600544,C,173.23363247000862,-0.08228754095253964,-0.6178336589282061,Dhunseri Ventures Ltd.,DVL,523736.0,DVL,INE477B01010,Other Financial Services,356.8,356.8,1249.68,4.89,Export NA,5.43,4.19,60.14,21.62,43.72,0.16,Export NA,4.95,4.89,0.39,47.54,4.05,11.37,72.96,31.3,5.17,17.25,20.92,3.89,2.86,14.05,5.0,Banking and Finance,Other Financial Services,2024-12-31,2025-02-07,DVL,70091.4
29,105526,Dolat Algotech Ltd.,103.975236233301,65.3367610106256,72.9535243970743,505526.0,DOLATALGO,1202.96,C,242.26552164100093,-0.08078335227617257,-0.6021153042527808,Dolat Algotech Ltd.,DOLATALGO,505526.0,DOLATALGO,INE966A01022,Capital Markets,94.25,94.25,1658.8,6.8,Export NA,11.32,10.02,11.08,21.62,26.03,0.04,Export NA,4.95,1.98,1.78,15.36,4.05,12.92,13.85,156.11,19.86,17.25,23.88,16.81,2.86,8.7,7.0,Banking and Finance,Capital Markets,2024-12-31,2025-02-11,DOLATALGO,295261.35
30,311742,DOMS Industries Ltd.,57.5556971992733,51.0304019752501,37.6227262615129,544045.0,DOMS,9456.886376,C,146.2088254360363,-0.08287640516022218,1.1908520481111644,DOMS Industries Ltd.,DOMS,544045.0,DOMS,INE321T01012,Commodity Printing/Stationery,2907.5,2907.5,17644.8,88.64,Export NA,,,73.64,56.77,80.47,2.2,Export NA,9.47,2.66,19.58,85.45,7.9,16.44,32.8,40.24,18.8,11.62,17.98,12.86,5.38,12.25,6.0,Commercial Services & Supplies,Commodity Printing/Stationery,2024-12-31,2025-02-03,DOMS,129070.25
33,296479,Easy Trip Planners Ltd.,255.130129493474,114.309747294297,135.029485455808,543272.0,EASEMYTRIP,7600.27956,C,504.469362243579,-0.07506999207886705,0.787548789077542,Easy Trip Planners Ltd.,EASEMYTRIP,543272.0,EASEMYTRIP,INE07O001026,Travel Support Services,12.15,12.15,4306.06,56.48,Export NA,59.02,,45.36,64.96,46.47,-1.15,Export NA,5.87,0.65,7.12,22.13,11.22,13.79,0.22,-49.18,17.05,17.25,30.16,11.53,9.68,15.31,4.0,Diversified Consumer Services,Travel Support Services,2024-12-31,2025-02-14,EASEMYTRIP,31453755.35
37,307636,Enviro Infra Engineers Ltd.,110.911684669425,82.9476510328903,62.5813494372356,544290.0,EIEL,0.0,C,256.4406851395509,-0.08047447878775686,-0.8634294846737829,Enviro Infra Engineers Ltd.,EIEL,544290.0,EIEL,INE0LLY01014,Utilities:Non-Electrical,222.9,222.9,3912.56,24.04,Export NA,,,34.38,25.86,15.08,,Export NA,2.11,2.93,9.85,17.71,4.97,5.78,9.27,,37.83,19.18,16.26,14.52,7.09,9.62,3.0,Utilities,Utilities:Non-Electrical,2024-12-31,2025-02-06,EIEL,5336949.35
38,311638,EPACK Durable Ltd.,39.1867227826957,46.0235088576989,78.0055863051658,544095.0,EPACK,1450.8713115,C,163.2158179455604,-0.0825058267817496,-0.5482625234606363,EPACK Durables Ltd.,EPACK,544095.0,EPACK,INE0G5901015,Consumer Electronics,394.25,394.25,3783.53,83.61,Export NA,,,76.58,53.59,95.88,,Export NA,8.42,1.55,4.15,74.26,16.74,23.07,4.72,,3.96,20.72,13.86,2.0,10.69,4.65,5.0,Consumer Durables,Consumer Electronics,2024-12-31,2025-01-31,EPACK,633334.75
39,222255,Eris Lifesciences Ltd.,67.5786772791538,107.401785190042,68.3662367102087,540596.0,ERIS,11442.8436,C,243.34669917940448,-0.08075979367115771,1.6222535779548235,Eris Lifesciences Ltd.,ERIS,540596.0,ERIS,INE406M01024,Pharmaceuticals,1476.9,1476.9,20109.85,61.06,Export NA,35.4,30.26,99.48,40.48,40.18,-4.13,Export NA,5.74,5.72,7.26,69.86,8.22,8.34,24.19,-14.77,15.15,16.9,17.11,5.56,11.67,11.81,4.0,Pharmaceuticals & Biotechnology,Pharmaceuticals,2024-12-31,2025-02-04,ERIS,315300.5
40,242153,Eureka Forbes Ltd.,0.53337424278519,0.5120531115409,1700.76787892299,543482.0,EUREKAFORB,8841.032044,C,1701.813306277316,-0.048980148327509396,1.0570724793596649,Eureka Forbes Ltd.,NAN,543482.0,EUREKAFORB,INE0KCE01017,Consumer Electronics,505.65,505.65,9783.28,71.78,Export NA,227.53,,3.21,53.59,95.88,1.64,Export NA,8.42,1.55,2.27,45.63,16.74,23.07,7.04,43.7,2.26,20.72,13.86,1.56,10.69,4.65,8.0,Consumer Durables,Consumer Electronics,2024-12-31,2025-02-10,EUREKAFORB,221001.65
41,218926,Expleo Solutions Ltd.,6.6845339003812,20.4858535189141,66.1781348128687,533121.0,EXPLEOSOL,1882.0328,C,93.34852223216402,-0.08402821877076445,-0.45460304102025856,Expleo Solutions Ltd.,EXPLEOSOL,533121.0,EXPLEOSOL,INE201K01015,IT Consulting & Software,887.95,887.95,1378.07,14.53,Export NA,22.28,29.16,25.72,27.64,26.51,-1.69,Export NA,5.09,5.29,2.06,4.46,8.69,8.78,61.13,-8.61,14.79,31.36,33.12,11.82,19.49,20.52,5.0,Software & Services,IT Consulting & Software,2024-12-31,2025-02-06,EXPLEOSOL,33557.9
42,132726,Gallantt Ispat Ltd.,8.26628640498002,9.57006018109283,67.2621608672238,532726.0,GALLANTT,4644.657325,C,85.09850745329665,-0.08420798465808493,0.14551081443739175,Gallantt Ispat Ltd.,GALLANTT,532726.0,GALLANTT,INE297H01019,Iron & Steel/Interm.Products,466.5,466.5,11255.75,29.63,Export NA,27.4,21.84,95.01,18.22,36.02,0.32,Export NA,1.55,0.6,4.29,99.82,5.66,2.72,15.74,91.95,9.19,23.96,13.77,7.18,10.88,6.59,8.0,Metals & Mining,Iron & Steel/Interm.Products,2024-12-31,2025-02-05,GALLANTT,46139.5
43,126367,Ganesh Housing Corporation Ltd.,102.865331804996,65.1012398743487,39.8699076811956,526367.0,GANESHHOUC,6188.990562,C,207.83647936054032,-0.08153355303350884,0.48098013521577837,Ganesh Housing Corporation Ltd.,GANESHHOUC,526367.0,GANESHHOUC,INE460C01014,Realty,1145.6,1145.6,9552.83,17.5,Export NA,28.21,31.53,74.94,44.21,46.53,0.46,Export NA,3.89,4.18,5.52,92.62,5.6,6.28,65.47,38.43,34.65,9.66,10.57,26.04,4.59,4.99,5.0,Realty,Realty,2024-12-31,2025-01-17,GANESHHOUC,171570.05
44,294928,Gensol Engineering Ltd.,155.701303393269,291.271233336423,351.624478853033,542851.0,GENSOL,3335.02155,C,798.597015582725,-0.0686610194884853,-0.13897611712654126,Gensol Engineering Ltd.,NAN,542851.0,GENSOL,INE06H201014,Construction & Engineering,100.8,100.8,383.06,3.73,Export NA,62.34,56.93,,40.59,34.35,0.03,Export NA,3.35,2.78,0.65,,4.65,5.61,26.99,109.39,18.28,12.67,15.97,2.55,5.35,5.27,3.0,Cement and Construction ,Construction & Engineering,2024-12-31,2025-02-11,GENSOL,207122.95
46,305653,GMR Power and Urban Infra Ltd.,265.403546988471,91.5961167239011,53.7723291615595,543490.0,GMRP&UI,2580.9936,C,410.7719928739316,-0.07711163578446087,-0.3027705872409078,GMR Power and Urban Infra Ltd.,GMRP&UI,543490.0,GMRP&UI,INE0CU601026,Electric Utilities,132.8,132.8,9493.02,6.18,Export NA,-4.54,,95.64,25.86,32.17,0.02,Export NA,2.11,1.91,12.0,,4.97,4.98,21.49,308.04,0.0,19.18,19.85,-0.52,7.09,6.72,2.0,Utilities,Electric Utilities,2024-12-31,2025-01-29,GMRP&UI,2451249.7
47,101455,Greaves Cotton Ltd.,78.5751649181948,37.1191838995361,22.840808858881,501455.0,GREAVESCOT,2933.64,C,138.5351576766119,-0.08304361258114816,-0.22616662285770558,Greaves Cotton Ltd.,GREAVESCOT,501455.0,GREAVESCOT,INE224A01026,Auto Parts & Equipment,204.96,204.96,4771.11,129.26,Export NA,49.22,49.22,88.59,30.67,37.63,0.97,Export NA,3.29,2.11,3.51,43.03,6.56,8.02,1.59,133.2,-9.39,22.1,17.48,-5.48,10.64,9.23,0.0,Automobiles & Auto Components,Auto Parts & Equipment,2024-12-31,2025-04-30,GREAVESCOT,6239177.55
48,272156,Greenlam Industries Ltd.,56.5343929505379,54.0388712785197,38.6472898912546,538979.0,GREENLAM,6391.4574,C,149.22055412031222,-0.08281078029847233,0.5249611951299915,Greenlam Industries Ltd.,GREENLAM,538979.0,GREENLAM,INE544R01021,Furniture-Furnishing,218.0,218.0,5562.22,51.23,Export NA,47.96,47.93,89.62,64.96,48.74,-2.0,Export NA,5.87,0.7,5.0,27.37,11.22,4.12,4.26,-25.57,12.84,17.25,10.93,5.05,9.68,7.66,3.0,Diversified Consumer Services,Furniture-Furnishing,2024-12-31,2025-01-30,GREENLAM,23110.35
49,109079,Gufic Biosciences Ltd.,33.0451481099237,58.3979663705401,50.5823195076452,509079.0,GUFICBIO,2839.37157,C,142.025433988109,-0.08296756027882536,-0.2466441761637379,Gufic BioSciences Ltd.,GUFICBIO,509079.0,GUFICBIO,INE742B01025,Pharmaceuticals,362.0,362.0,3630.05,44.28,Export NA,39.47,38.21,34.84,40.48,40.18,1.84,Export NA,5.74,5.72,6.32,4.52,8.22,8.34,8.17,24.04,16.17,16.9,17.11,7.88,11.67,11.81,2.0,Pharmaceuticals & Biotechnology,Pharmaceuticals,2024-12-31,2025-02-14,GUFICBIO,53033.3
50,106879,Gujarat Themis Biosyn Ltd.,120.349825721442,86.5296190730182,72.8222204297711,506879.0,GUJTHEM,2877.42884,S,279.7016652242313,-0.0799676274866443,-0.23837714790086062,Gujarat Themis Biosyn Ltd.,NAN,506879.0,GUJTHEM,INE942C01045,Pharmaceuticals,307.5,307.5,3350.68,63.63,Export NA,41.8,30.95,97.13,40.48,40.18,-15.15,Export NA,5.74,5.72,15.0,93.03,8.22,8.34,4.83,-4.2,29.37,16.9,17.11,26.75,11.67,11.81,5.0,Pharmaceuticals & Biotechnology,Pharmaceuticals,2024-12-31,2025-02-14,GUJTHEM,82737.0
52,284232,Happiest Minds Technologies Ltd.,7.39153203126515,67.5651912131157,51.9993171104345,543227.0,HAPPSTMNDS,11113.1335,C,126.95604035481534,-0.08329591883217122,1.550631974112612,Happiest Minds Technologies Ltd.,HAPPSTMNDS,543227.0,HAPPSTMNDS,INE419U01012,IT Consulting & Software,596.35,596.35,9080.91,40.79,Export NA,52.08,72.55,4.04,27.64,26.51,-8.35,Export NA,5.09,5.29,5.95,0.62,8.69,8.78,14.62,-4.89,16.78,31.36,33.12,11.05,19.49,20.52,4.0,Software & Services,IT Consulting & Software,2024-12-31,2025-02-04,HAPPSTMNDS,945476.1
53,288715,Hardwyn India Ltd.,1.55257464748899,1830.86999632378,1022.31214421781,541276.0,HARDWYN,1164.564778,C,2854.734715189079,-0.023858261198930506,-0.6104557444744112,Hardwyn India Ltd.,HARDWYN,541276.0,HARDWYN,INE626Z01029,Household Products,12.73,12.73,621.78,60.74,Export NA,345.01,,28.31,53.59,28.55,,Export NA,8.42,1.31,1.6,62.6,16.74,3.91,0.21,,2.67,20.72,13.56,2.29,10.69,6.13,3.0,Consumer Durables,Household Products,2024-12-31,2025-02-14,HARDWYN,120040.7
54,288976,Hariom Pipe Industries Ltd.,60.4216808477477,108.746245617418,65.6925837712457,543517.0,HARIOMPIPE,1305.4241475,S,234.8605102364114,-0.0809447057381293,-0.5798574280752694,Hariom Pipe Industries Ltd.,HARIOMPIPE,543517.0,HARIOMPIPE,INE00EV01017,Iron & Steel Products,400.0,400.0,1238.69,20.22,Export NA,35.29,,24.87,18.22,22.97,2.91,Export NA,1.55,1.1,2.25,2.41,5.66,6.77,19.78,6.94,12.23,23.96,18.02,6.45,10.88,9.85,5.0,Metals & Mining,Iron & Steel Products,2024-12-31,2025-02-10,HARIOMPIPE,101536.6
55,223487,Heranba Industries Ltd.,81.8853789486827,54.3389733363515,47.3235637399974,543266.0,HERANBA,1134.08345,C,183.5479160250316,-0.08206279513267839,-0.6170770812141728,Heranba Industries Ltd.,HERANBA,543266.0,HERANBA,INE694N01015,Agrochemicals,281.71,281.71,1127.22,25.5,Export NA,28.95,,40.64,51.17,37.19,-5.47,Export NA,13.03,6.0,1.26,8.51,7.59,5.17,11.05,-4.66,4.13,14.53,17.06,2.35,9.9,12.59,5.0,Chemicals & Petrochemicals,Agrochemicals,2024-12-31,2025-02-14,HERANBA,112287.85
56,119126,Hindustan Foods Ltd.,61.6272295313478,46.6080778031202,53.6003345090201,519126.0,HNDFDS,5394.12038,C,161.8356418434881,-0.08253590049534865,0.30831367070289134,Hindustan Foods Ltd.,HNDFDS,519126.0,HNDFDS,INE254N01026,Packaged Foods,566.55,566.55,6657.1,65.38,Export NA,79.68,105.51,29.95,53.52,56.69,5.13,Export NA,10.76,1.48,9.43,28.9,22.28,41.72,8.67,12.75,14.41,42.17,75.29,4.83,19.26,26.66,5.0,FMCG,Packaged Foods,2024-12-31,2025-02-07,HNDFDS,111427.85
57,295873,Hindware Home Innovation Ltd.,11.0444347104566,18.1578229915858,68.1317185081065,542905.0,HINDWAREAP,2710.7572675,C,97.3339762101489,-0.083941376663213,-0.27458254572565705,Hindware Home Innovation Ltd.,HINDWAREAP,542905.0,HINDWAREAP,INE05AN01011,Household Appliances,199.8,199.8,1671.26,-47.48,Export NA,85.17,59.99,,53.59,46.79,0.27,Export NA,8.42,2.52,1.97,1.42,16.74,7.28,-4.21,-176.65,4.31,20.72,12.55,1.06,10.69,6.83,4.0,Consumer Durables,Household Appliances,2024-12-31,2025-02-14,HINDWAREAP,325893.2
58,122215,HLE Glascoat Ltd.,66.4960078195647,40.6757162956879,66.3105425095904,522215.0,HLEGLAS,2786.9390375,C,173.48226662484302,-0.08228212327261299,-0.25803388509639985,HLE Glascoat Ltd.,HLEGLAS,522215.0,HLEGLAS,INE461D01028,Industrial Machinery,284.0,284.0,1938.74,56.16,Export NA,68.35,85.6,33.55,52.89,51.56,-2.39,Export NA,4.08,2.13,4.5,19.48,13.34,13.18,5.06,-23.48,7.34,21.36,20.04,2.46,11.85,12.4,4.0,General Industrials,Industrial Machinery,2024-12-31,2025-02-10,HLEGLAS,55135.45
60,132835,ICRA Ltd.,57.7599884688588,30.0786434459777,21.8872286807726,532835.0,ICRA,5254.83712,C,109.7258605956091,-0.08367136040847473,0.2780577262548088,ICRA Ltd.,ICRA,532835.0,ICRA,INE725G01011,Other Financial Services,5762.0,5762.0,5561.02,34.47,Export NA,38.56,38.62,33.45,21.62,43.72,2.62,Export NA,4.95,4.89,5.83,58.42,4.05,11.37,167.16,13.13,15.47,17.25,20.92,12.72,2.86,14.05,7.0,Banking and Finance,Other Financial Services,2024-12-31,2025-02-10,ICRA,4254.8
61,307731,IKIO Technologies Ltd.,87.6790725828641,59.8622225970852,44.4372007289879,543923.0,IKIO,2167.345645,C,191.9784959089372,-0.08187909477406345,-0.39262567497753115,IKIO Lighting Ltd.,IKIO,543923.0,IKIO,INE0LOJ01019,Consumer Electronics,244.97,244.97,1893.15,44.25,Export NA,,,78.56,53.59,95.88,-1.3,Export NA,8.42,1.55,3.44,14.66,16.74,23.07,5.54,-34.1,10.95,20.72,13.86,9.2,10.69,4.65,4.0,Consumer Durables,Consumer Electronics,2024-12-31,2025-02-07,IKIO,318940.4
62,290269,Indiamart Intermesh Ltd.,2.37584250578602,146.045383711707,82.3794133367243,542726.0,INDIAMART,15861.006675,C,230.8006395542173,-0.08103316936821399,2.5819934387232273,IndiaMART InterMESH Ltd.,INDIAMART,542726.0,INDIAMART,INE933S01016,Internet & Catalogue Retail,2283.0,2283.0,13705.33,29.18,Export NA,51.92,55.96,4.27,100.12,136.73,0.47,Export NA,3.94,1.87,7.3,27.35,17.18,12.22,78.24,61.85,19.23,12.88,2.11,9.68,9.05,1.75,7.0,Retailing,Internet & Catalogue Retail,2024-12-31,2025-01-21,INDIAMART,145956.85
64,306605,Innova Captab Ltd.,215.173155608048,90.4511135003596,87.194377618074,544067.0,INNOVACAP,2564.538375,C,392.8186467264816,-0.07750283498677445,-0.3063450898299532,Innova Captab Ltd.,INNOVACAP,544067.0,INNOVACAP,INE0DUT01020,Pharmaceuticals,906.15,906.15,5185.43,40.7,Export NA,,,71.6,40.48,40.18,0.76,Export NA,5.74,5.72,5.79,41.05,8.22,8.34,22.26,53.73,11.35,16.9,17.11,7.14,11.67,11.81,7.0,Pharmaceuticals & Biotechnology,Pharmaceuticals,2024-12-31,2025-02-05,INNOVACAP,72138.65
66,311741,JNK India Ltd.,35.6972768347784,28.1335343979628,81.3711954181664,544167.0,JNKINDIA,0.0,C,145.2020066509076,-0.08289834350544106,-0.8634294846737829,JNK India Ltd.,JNKINDIA,544167.0,JNKINDIA,INE0OAF01028,Other Industrial Products,397.0,397.0,2214.76,65.89,Export NA,,,97.93,52.89,29.3,-1.62,Export NA,4.08,3.31,4.44,,13.34,21.45,6.03,-40.67,32.06,21.36,21.38,11.87,11.85,12.12,2.0,General Industrials,Other Industrial Products,2024-12-31,2025-02-14,JNKINDIA,77740.95
67,237594,JTL Industries Ltd,55.8188023019969,39.4480274775144,64.6239308462252,534600.0,JTLIND,3254.347235,C,159.8907606257365,-0.08257827900098934,-0.1565006753040789,JTL Industries Ltd.,JTLIND,534600.0,JTLIND,INE391J01032,Iron & Steel Products,72.9,72.9,2865.56,25.69,Export NA,40.61,29.21,19.83,18.22,22.97,-3.6,Export NA,1.55,1.1,3.68,10.75,5.66,6.77,2.84,-7.14,14.58,23.96,18.02,13.39,10.88,9.85,3.0,Metals & Mining,Iron & Steel Products,2024-12-31,2025-01-28,JTLIND,1590990.05
68,220674,Jupiter Wagons Ltd.,78.9944633969018,41.5339625753593,28.8331412736802,533272.0,JWL,15395.043024,C,149.3615672459413,-0.08280770765553386,2.4807740219786614,Jupiter Wagons Ltd.,JWL,533272.0,JWL,INE209L01016,Commercial Vehicles,382.85,382.85,16251.91,42.3,Export NA,78.14,73.61,23.79,30.67,30.88,0.95,Export NA,3.29,1.46,6.36,52.11,6.56,5.83,9.05,44.65,20.51,22.1,19.44,11.27,10.64,7.09,6.0,Automobiles & Auto Components,Commercial Vehicles,2024-12-31,2025-01-29,JWL,4319323.1
69,213397,Keystone Realtors Ltd,892.733650714107,253.810223941537,33.4763565963233,543669.0,RUSTOMJEE,6885.21995,C,1180.0202312519673,-0.060349897066613735,0.6322192553114057,Keystone Realtors Ltd.,RUSTOMJEE,543669.0,RUSTOMJEE,INE263M01029,Realty,525.1,525.1,6617.72,48.01,Export NA,,,25.84,44.21,46.53,-3.74,Export NA,3.89,4.18,2.47,,5.6,6.28,10.94,-12.83,6.24,9.66,10.57,1.87,4.59,4.99,7.0,Realty,Realty,2024-12-31,2025-02-11,RUSTOMJEE,49816.45
71,220053,KIOCL Ltd.,98.7004696113363,50.6508386235502,41.0976956155901,540680.0,KIOCL,23656.7115675,S,190.44900385047663,-0.0819124220473361,4.275423174365004,KIOCL Ltd.,KIOCL,540680.0,KIOCL,INE880L01014,Iron & Steel/Interm.Products,254.9,254.9,15491.58,-73.55,Export NA,,54.82,,18.22,36.02,0.12,Export NA,1.55,0.6,8.62,76.39,5.66,2.72,-3.47,-603.78,-4.34,23.96,13.77,-3.41,10.88,6.59,4.0,Metals & Mining,Iron & Steel/Interm.Products,2024-12-31,2025-02-13,KIOCL,122216.35
73,121248,Kitex Garments Ltd.,82.9225538459093,82.3202473687514,52.9543495597269,521248.0,KITEX,1214.29,C,218.19715077438758,-0.08130779643308224,-0.5996541337532049,Kitex Garments Ltd.,KITEX,521248.0,KITEX,INE602G01020,Other Apparels & Accessories,253.0,253.0,5047.35,40.12,Export NA,38.58,27.42,86.1,65.84,55.53,0.18,Export NA,4.31,2.93,5.26,81.57,17.98,17.94,6.31,218.05,6.22,26.33,27.77,2.92,10.65,13.48,3.0,Textiles Apparels & Accessories,Other Apparels & Accessories,2024-12-31,2025-02-14,KITEX,397290.9
75,300391,Knowledge Marine & Engineering Works Ltd.,73.9600094576546,48.9638383175812,57.0859286357495,543273.0,KMEW,1518.40458,C,180.0097764109853,-0.08213989036513931,-0.5335925421568282,Knowledge Marine & Engineering Works Ltd.,NAN,543273.0,KMEW,INE0CJD01011,Marine Port & Services,1474.0,1474.0,1592.07,48.13,Export NA,32.38,,57.51,32.6,32.34,,Export NA,1.61,0.73,8.36,41.6,19.63,5.4,30.63,,19.79,132.52,15.24,12.79,8.54,7.17,5.0,Transportation,Marine Port & Services,2024-12-31,2025-02-11,KMEW,9968.2
76,313583,KRN Heat Exchanger And Refrigeration Ltd.,140.542604277517,90.8127206223647,59.0069040558137,544263.0,KRN,0.0,C,290.3622289556954,-0.07973533630294456,-0.8634294846737829,KRN Heat Exchanger and Refrigeration Ltd.,KRN,544263.0,KRN,INE0Q3J01015,Electronic Components,821.45,821.45,5105.85,,Export NA,,,,56.77,55.08,,Export NA,9.47,0.85,10.21,,7.9,9.54,,,30.49,11.62,18.14,17.36,5.38,10.95,3.0,Commercial Services & Supplies,Electronic Components,2024-12-31,2025-01-27,KRN,3021002.35
77,298838,KSolves India Ltd.,65.8224794983116,41.8241933307793,35.7249523743606,543599.0,KSOLVES,1324.19664,C,143.37162520345152,-0.08293822708793835,-0.5757795547527177,Ksolves India Ltd.,KSOLVES,543599.0,KSOLVES,INE0D6I01023,IT Consulting & Software,449.4,449.4,1065.62,28.14,Export NA,42.7,,39.45,27.64,26.51,1.57,Export NA,5.09,5.29,33.0,59.34,8.69,8.78,15.97,17.98,143.31,31.36,33.12,86.34,19.49,20.52,6.0,Software & Services,IT Consulting & Software,2024-12-31,2025-05-03,KSOLVES,38276.35
80,112463,Lloyds Enterprises Ltd.,46.7511419210449,48.2457868456274,2079.28941260579,512463.0,LLOYDSENT,3517.42839,C,2174.286341372462,-0.03868507169244124,-0.0993526101954838,Lloyds Enterprises Ltd.,NAN,512463.0,LLOYDSENT,INE080I01025,Commodity Trading  & Distribution,54.83,54.83,6975.07,101.63,Export NA,60.37,186.26,62.73,56.77,66.92,-2.21,Export NA,9.47,11.64,3.09,89.29,7.9,8.12,0.54,-45.97,7.06,11.62,9.53,4.88,5.38,2.68,5.0,Commercial Services & Supplies,Commodity Trading  & Distribution,2024-12-31,2025-02-13,LLOYDSENT,2606744.3
82,235506,Metropolis Healthcare Ltd.,11.0939695044047,10.4820994065881,50.4712100470472,542650.0,METROPOLIS,8843.82928,C,72.04727895804001,-0.08449236786635289,1.0576801117271453,Metropolis Healthcare Ltd.,METROPOLIS,542650.0,METROPOLIS,INE112L01020,Healthcare Services,1749.7,1749.7,9063.78,59.54,Export NA,66.07,61.33,54.2,64.96,54.34,2.7,Export NA,5.87,1.81,7.58,12.76,11.22,11.68,29.39,22.02,11.66,17.25,20.11,8.21,9.68,11.41,7.0,Diversified Consumer Services,Healthcare Services,2024-12-31,2025-02-04,METROPOLIS,241069.05
85,132407,Moschip Technologies Ltd.,87.5821705449623,53.3230447231023,38.5671972549134,532407.0,MOSCHIP,1664.383356,C,179.47241252297798,-0.08215159939824178,-0.5018821575976566,MosChip Technologies Ltd.,NAN,532407.0,MOSCHIP,INE935B01025,IT Consulting & Software,181.8,181.8,3473.8,135.49,Export NA,333.71,285.8,6.03,27.64,26.51,0.95,Export NA,5.09,5.29,11.84,49.64,8.69,8.78,1.34,143.26,3.68,31.36,33.12,2.58,19.49,20.52,5.0,Software & Services,IT Consulting & Software,2024-12-31,2025-01-30,MOSCHIP,500400.22222222225
86,132440,MPS Ltd.,85.984635689871,53.7316387266537,32.6455130880432,532440.0,MPSLTD,2619.325625,C,172.3617875045679,-0.08230653824988021,-0.2944438750503508,MPS Ltd.,MPSLTD,532440.0,MPSLTD,INE943D01017,Publishing,2494.9,2494.9,4267.73,32.69,Export NA,26.55,21.97,96.74,56.77,14.81,4.78,Export NA,9.47,6.37,9.58,91.57,7.9,3.38,76.32,6.84,25.82,11.62,17.95,16.12,5.38,12.31,4.0,Commercial Services & Supplies,Publishing,2024-12-31,2025-01-23,MPSLTD,31040.65
87,295952,Mufin Green Finance Ltd.,158.801946239132,152.186012843197,419.253889464783,542774.0,MUFIN,2155.185975,C,730.241848547112,-0.07015046254822056,-0.3952670713666379,Mufin Green Finance Ltd.,NAN,542774.0,MUFIN,INE08KJ01020,Finance (including NBFCs),67.52,67.52,1103.89,55.04,Export NA,157.28,91.37,0.45,21.62,37.14,0.82,Export NA,4.95,25.92,4.25,,4.05,4.62,1.23,67.03,6.58,17.25,15.84,1.73,2.86,4.26,3.0,Banking and Finance,Finance (including NBFCs),2024-12-31,2025-02-12,MUFIN,271416.5
88,241159,Neogen Chemicals Ltd.,57.3338973888928,43.7352268902331,37.3854574372091,542665.0,NEOGEN,3146.6064,C,138.45458171633499,-0.08304536831242672,-0.17990478516300973,Neogen Chemicals Ltd.,NEOGEN,542665.0,NEOGEN,INE136S01016,Specialty Chemicals,1601.2,1601.2,4224.24,85.56,Export NA,106.59,99.85,68.62,51.17,59.04,1.73,Export NA,13.03,14.6,5.44,5.5,7.59,9.19,18.71,49.42,4.68,14.53,14.4,2.43,9.9,9.72,4.0,Chemicals & Petrochemicals,Specialty Chemicals,2024-12-31,2025-02-01,NEOGEN,53262.9
89,310018,Netweb Technologies India Ltd.,83.7607973421927,90.6536661022777,80.6898112574089,543945.0,NETWEB,9078.992375,S,255.10427470187932,-0.08050359885779211,1.1087636485323518,Netweb Technologies India Ltd.,NETWEB,543945.0,NETWEB,INE0NT901020,IT Consulting & Software,1540.0,1540.0,8724.7,86.27,Export NA,,,7.46,27.64,26.51,1.1,Export NA,5.09,5.29,19.13,0.47,8.69,8.78,17.85,78.15,17.95,31.36,33.12,12.39,19.49,20.52,5.0,Software & Services,IT Consulting & Software,2024-12-31,2025-01-18,NETWEB,339662.3
90,132529,New Delhi Television Ltd.,130.027296609474,50.1774782627605,34.2365925894377,532529.0,NDTV,1355.21195,C,214.4413674616722,-0.08138963407069753,-0.5690422232428143,New Delhi Television Ltd.,NDTV,532529.0,NDTV,INE155G01029,Broadcasting & Cable TV,128.35,128.35,827.49,-5.06,Export NA,27.01,21.38,,29.76,17.72,0.0,Export NA,4.22,0.1,5.25,89.35,8.37,1.64,-25.39,-1363.96,-7.83,19.99,11.03,-3.37,12.88,10.24,1.0,Media,Broadcasting & Cable TV,2024-12-31,2025-04-25,NDTV,89702.2
91,241510,NIBE Ltd.,182.959509506027,212.408501725712,1239.67678280406,535136.0,NIBE,1691.886987,C,1635.044794035799,-0.05043501855136774,-0.4959076540452802,NIBE Ltd.,NAN,535136.0,NIBE,INE149O01018,Aerospace & Defence,1510.0,1510.0,2158.79,73.76,Export NA,125.25,822.12,19.89,52.89,44.54,0.26,Export NA,4.08,1.29,9.67,37.63,13.34,11.27,20.47,284.11,11.8,21.36,24.52,6.0,11.85,8.89,6.0,General Industrials,Aerospace & Defence,2024-12-31,2025-02-12,NIBE,56146.3125
92,131092,Om Infra Ltd.,-1.18201344713705,82.8789799945868,57.4334004874935,531092.0,OMINFRAL,1213.91192,C,139.13036703494325,-0.08303064310881267,-0.5997362625566011,Om Infra Ltd.,OMINFRAL,531092.0,OMINFRAL,INE239D01028,Construction & Engineering,125.0,125.0,1203.8,49.85,Export NA,47.71,34.4,85.76,40.59,34.35,-0.93,Export NA,3.35,2.78,1.64,90.07,4.65,5.61,2.51,-53.34,6.53,12.67,15.97,3.24,5.35,5.27,9.0,Cement and Construction ,Construction & Engineering,2024-12-31,2025-02-07,OMINFRAL,296443.1
93,130135,Optiemus Infracom Ltd.,25.1289440737337,46.354330634159,95.5927631801234,530135.0,OPTIEMUS,2163.60144,C,167.0760378880161,-0.0824217134944637,-0.3934390136262836,Optiemus Infracom Ltd.,OPTIEMUS,530135.0,OPTIEMUS,INE350C01017,Telecom Equipment,531.15,531.15,4634.44,71.39,Export NA,67.83,52.09,64.56,34.51,35.59,2.38,Export NA,2.54,3.06,10.21,91.35,9.46,11.98,7.44,29.98,13.3,8.38,8.45,4.21,5.19,5.32,5.0,Telecommunications Equipment,Telecom Equipment,2024-12-31,2025-02-11,OPTIEMUS,220989.85
95,241214,Paradeep Phosphates Ltd.,10.3656617375513,50.2745743899493,36.7049113974001,543530.0,PARADEEP,5409.3151254,C,97.34514752490071,-0.08394113324288435,0.31161436435929457,Paradeep Phosphates Ltd.,PARADEEP,543530.0,PARADEEP,INE088F01024,Fertilizers,143.78,143.78,11723.19,28.37,Export NA,47.3,,56.55,28.69,28.69,0.08,Export NA,2.38,2.38,3.12,99.44,13.1,13.1,5.07,367.54,2.8,12.69,12.69,1.03,7.14,7.14,5.0,Fertilizers,Fertilizers,2024-12-31,2025-02-03,PARADEEP,5409669.75
96,106590,PCBL Chemical Ltd.,117.041054467103,75.6216462935955,49.77898445116,506590.0,PCBL,10118.8875,C,242.4416852118585,-0.0807795137132757,1.334655899574091,PCBL Chemical Ltd.,PCBL,506590.0,PCBL,INE602A01031,Refineries/Petro-Products,409.95,409.95,15474.08,34.72,Export NA,23.37,17.88,93.37,21.32,23.89,-4.56,Export NA,2.03,1.04,4.06,92.84,1.98,2.1,11.81,-7.61,15.12,13.5,11.99,4.34,5.84,4.92,5.0,Oil & Gas,Refineries/Petro-Products,2024-12-31,2025-01-10,PCBL,2053916.25
98,311243,Platinum Industries Ltd.,31.8876426507322,157.518396749534,99.9491336338214,544134.0,PLATIND,940.590625,C,289.3551730340876,-0.07975727981531171,-0.6591087522441483,Platinum Industries Ltd.,PLATIND,544134.0,PLATIND,INE0PT501018,Specialty Chemicals,278.0,278.0,1526.91,28.47,Export NA,,,40.07,51.17,59.04,1.17,Export NA,13.03,14.6,4.21,18.41,7.59,9.19,9.77,24.42,13.2,14.53,14.4,11.07,9.9,9.72,4.0,Chemicals & Petrochemicals,Specialty Chemicals,2024-12-31,2025-02-13,PLATIND,195254.75
99,132366,PNB Gilts Ltd.,64.6566891138272,53.4953437621274,33.812157064599,532366.0,PNBGILTS,1971.110595,S,151.9641899405536,-0.08275099711735932,-0.43525302855589143,PNB Gilts Ltd.,PNBGILTS,532366.0,PNBGILTS,INE859A01011,Finance (including NBFCs),99.71,99.71,1794.88,7.94,Export NA,28.7,11.97,55.88,21.62,37.14,0.01,Export NA,4.95,25.92,1.21,83.28,4.05,4.62,12.56,1431.04,5.21,17.25,15.84,0.28,2.86,4.26,6.0,Banking and Finance,Finance (including NBFCs),2024-12-31,2025-01-28,PNBGILTS,468981.05
101,132626,Pondy Oxides & Chemicals Ltd.,10.6216823635507,55.8392264494759,40.8338108385658,532626.0,POCL,780.683955,C,107.2947196515924,-0.08372433439951797,-0.6938446374064993,Pondy Oxides & Chemicals Ltd.,NAN,532626.0,POCL,INE063E01053,Other Non-Ferrous Metals,800.0,800.0,2246.82,42.08,Export NA,35.48,27.38,89.15,18.22,22.57,-3.24,Export NA,1.55,1.59,5.68,69.0,5.66,23.75,19.01,-12.97,8.92,23.96,48.79,6.61,10.88,22.07,6.0,Metals & Mining,Other Non-Ferrous Metals,2024-12-31,2025-01-24,POCL,76219.25
103,303180,Prudent Corporate Advisory Services Ltd.,6.80023631842066,3.71315858702634,85.0449614118275,543527.0,PRUDENT,5207.086983,C,95.5583563172745,-0.0839800670042781,0.26768515533379267,Prudent Corporate Advisory Services Ltd.,PRUDENT,543527.0,PRUDENT,INE00F201020,Other Financial Services,2494.0,2494.0,10326.83,54.79,Export NA,54.0,,77.76,21.62,43.72,1.4,Export NA,4.95,4.89,18.18,74.03,4.05,11.37,45.52,39.19,28.82,17.25,20.92,18.31,2.86,14.05,6.0,Banking and Finance,Other Financial Services,2024-12-31,2025-01-27,PRUDENT,112063.05
104,132735,R Systems International Ltd.,163.382552046001,81.3006865217008,54.5271662301115,532735.0,RSYSTEMS,6491.6697,C,299.2104047978133,-0.07954253662633061,0.5467299114984524,R Systems International Ltd.,RSYSTEMS,532735.0,RSYSTEMS,INE411H01032,IT Consulting & Software,333.0,333.0,3941.79,30.05,Export NA,36.36,30.19,83.55,27.64,26.51,-4.72,Export NA,5.09,5.29,6.13,76.01,8.69,8.78,11.08,-6.37,21.02,31.36,33.12,10.79,19.49,20.52,5.0,Software & Services,IT Consulting & Software,2024-12-31,2025-02-13,RSYSTEMS,136191.95
105,282602,Radhika Jeweltech Ltd.,1.16461551168745,183.027637445323,219.848980073718,540125.0,RADHIKAJWE,762.634,S,404.04123303072845,-0.07725829746301371,-0.6977655568032048,Radhika Jeweltech Ltd.,RADHIKAJWE,540125.0,RADHIKAJWE,INE583V01021,Gems & Jewellery,96.31,96.31,1136.46,19.64,Export NA,19.63,6.55,83.68,65.84,83.36,0.59,Export NA,4.31,2.37,3.94,89.37,17.98,24.45,4.9,33.27,18.69,26.33,31.36,15.42,10.65,9.76,6.0,Textiles Apparels & Accessories,Gems & Jewellery,2024-12-31,2025-01-16,RADHIKAJWE,235851.45
106,280362,Radiant Cash Management Services Ltd.,129.148306478132,65.77445191583,55.134809974337,543732.0,RADIANTCMS,812.48994,C,250.057568368299,-0.08061356540529767,-0.6869355507346585,Radiant Cash Management Services Ltd.,RADIANTCMS,543732.0,RADIANTCMS,INE855R01021,Other Financial Services,69.3,69.3,739.49,16.38,Export NA,,,45.71,21.62,43.72,,Export NA,4.95,4.89,2.95,24.78,4.05,11.37,4.23,,17.68,17.25,20.92,14.21,2.86,14.05,4.0,Banking and Finance,Other Financial Services,2024-12-31,2025-02-13,RADIANTCMS,158581.6
107,309139,Ratnaveer Precision Engineering Ltd.,77.2892053920246,50.388624921392,41.114338159634,543978.0,RATNAVEER,560.16345,S,168.7921684730506,-0.0823843194114656,-0.7417474230603036,Ratnaveer Precision Engineering Ltd.,RATNAVEER,543978.0,RATNAVEER,INE05CZ01011,Iron & Steel Products,142.0,142.0,753.3,18.06,Export NA,,,21.86,18.22,22.97,0.88,Export NA,1.55,1.1,2.2,0.25,5.66,6.77,7.86,20.6,12.31,23.96,18.02,6.01,10.88,9.85,4.0,Metals & Mining,Iron & Steel Products,2024-12-31,2025-01-28,RATNAVEER,136781.9
108,229901,RattanIndia Enterprises Ltd.,-1.95911181472029,162.731912865299,1346.70673283454,534597.0,RTNINDIA,9558.39705,C,1507.4795338851186,-0.05321463565472093,1.2129028050609327,RattanIndia Enterprises Ltd.,RTNINDIA,534597.0,RTNINDIA,INE834M01019,Electric Utilities,45.95,45.95,6351.53,17.69,Export NA,21.8,201534.7,45.97,25.86,32.17,-6.16,Export NA,2.11,1.91,4.38,55.14,4.97,4.98,2.6,-2.87,50.77,19.18,19.85,15.82,7.09,6.72,6.0,Utilities,Electric Utilities,2024-12-31,2025-02-04,RTNINDIA,2213983.8
109,100330,Raymond Ltd.,53.3576825557663,28.435406904643,17.8079099010822,500330.0,RAYMOND,12035.82069,C,99.6009993614915,-0.08389197876038486,1.751063615098021,Raymond Ltd.,RAYMOND,500330.0,RAYMOND,INE301A01014,Realty,1550.5,1550.5,10322.25,1.34,Export NA,14.54,19.3,3.65,44.21,46.53,0.0,Export NA,3.89,4.18,2.88,76.38,5.6,6.28,1160.79,382.12,35.46,9.66,10.57,12.43,4.59,4.99,6.0,Realty,Realty,2024-12-31,2025-01-29,RAYMOND,169561.15
110,132884,Refex Industries Ltd.,48.7850085143937,61.0172970559236,34.8611132109161,532884.0,REFEX,1558.8082125,C,144.66341878123342,-0.08291007920881702,-0.5248158229701811,Refex Industries Ltd.,REFEX,532884.0,REFEX,INE056I01025,Industrial Gases,483.0,483.0,6239.51,43.17,Export NA,49.04,23.07,90.86,52.89,117.43,1.39,Export NA,4.08,34.89,10.18,92.86,13.34,14.94,11.19,31.06,20.16,21.36,13.26,11.76,11.85,9.3,4.0,General Industrials,Industrial Gases,2024-12-31,2025-04-23,REFEX,147691.7
111,232353,RHI Magnesita India Ltd.,1.25303708300035,212.100829411791,124.016023967043,534076.0,RHIM,11374.07508,C,337.36989046183436,-0.07871105038249286,1.6073152679174447,RHI Magnesita India Ltd.,RHIM,534076.0,RHIM,INE743M01012,Electrodes & Refractories,467.35,467.35,9650.84,-105.39,Export NA,,55.89,,52.89,32.75,-1.28,Export NA,4.08,1.63,2.47,2.35,13.34,4.34,-4.43,82.44,-2.61,21.36,13.29,-1.96,11.85,10.67,5.0,General Industrials,Electrodes & Refractories,2024-12-31,2025-02-11,RHIM,231392.65
112,233156,Rossari Biotech Ltd.,10.8456521767883,8.97991417076851,52.9693018807886,543213.0,ROSSARI,3725.7228,C,72.79486822834541,-0.0844760780714701,-0.054105650167364704,Rossari Biotech Ltd.,ROSSARI,543213.0,ROSSARI,INE02A801020,Specialty Chemicals,704.25,704.25,3899.0,28.66,Export NA,36.46,51.52,3.65,51.17,59.04,3.42,Export NA,13.03,14.6,3.49,2.72,7.59,9.19,24.58,8.39,12.47,14.53,14.4,8.31,9.9,9.72,4.0,Chemicals & Petrochemicals,Specialty Chemicals,2024-12-31,2025-04-25,ROSSARI,46187.95
113,273198,Route Mobile Ltd.,2.93904239972,5.4179975537932,61.2229076431841,543228.0,ROUTE,10055.50455,C,69.57994759669731,-0.08454613043810265,1.3208874753273032,Route Mobile Ltd.,ROUTE,543228.0,ROUTE,INE450U01017,Internet Software & Services,1003.0,1003.0,6318.66,18.03,Export NA,26.64,47.04,2.55,27.64,52.8,-1.83,Export NA,5.09,1.36,2.7,0.35,8.69,8.09,55.62,-9.84,17.44,31.36,7.15,10.8,19.49,5.24,2.0,Software & Services,Internet Software & Services,2024-12-31,2025-01-28,ROUTE,98875.95
114,123025,Safari Industries (India) Ltd.,57.1927374301676,53.9830051482117,64.5362122585913,523025.0,SAFARI,8413.7625,C,175.71195483697062,-0.08223353888935493,0.964258428427618,Safari Industries (India) Ltd.,SAFARI,523025.0,SAFARI,INE429E01023,Other Apparels & Accessories,2055.9,2055.9,10050.47,67.73,Export NA,65.43,96.59,48.58,65.84,55.53,-5.18,Export NA,4.31,2.93,11.27,58.16,17.98,17.94,30.36,-13.07,21.34,26.33,27.77,15.36,10.65,13.48,5.0,Textiles Apparels & Accessories,Other Apparels & Accessories,2024-12-31,2025-02-04,SAFARI,103831.85
115,190051,Saksoft Ltd.,53.8138989491183,30.784641565604,27.2116744926923,590051.0,SAKSOFT,2566.6004,C,111.8102150074146,-0.08362594281464346,-0.30589716440194015,Saksoft Ltd.,SAKSOFT,590051.0,SAKSOFT,INE667G01023,IT Consulting & Software,166.25,166.25,2203.66,21.61,Export NA,33.94,26.3,81.59,27.64,26.51,5.27,Export NA,5.09,5.29,3.89,81.81,8.69,8.78,7.69,4.1,19.02,31.36,33.12,12.22,19.49,20.52,4.0,Software & Services,IT Consulting & Software,2024-12-31,2025-02-03,SAKSOFT,133691.8
116,132163,Saregama India Ltd.,113.672567010831,63.9184677475434,50.3390791468466,532163.0,SAREGAMA,6676.97567,C,227.930113905221,-0.08109571744893863,0.5869831848223107,Saregama India Ltd.,SAREGAMA,532163.0,SAREGAMA,INE979A01025,Movies & Entertainment,565.55,565.55,10904.34,55.09,Export NA,43.38,49.65,88.85,29.76,50.99,21.93,Export NA,4.22,7.16,7.02,83.39,8.37,18.39,10.27,2.51,14.54,19.99,35.12,9.71,12.88,19.7,5.0,Media,Movies & Entertainment,2024-12-31,2025-02-10,SAREGAMA,1103906.75
117,295145,SBC Exports Ltd.,129.364977545809,80.2125957785129,60.8649900946899,542725.0,SBC,639.04698,C,270.44256341901183,-0.08016938114362798,-0.7246118699324644,SBC Exports Ltd.,SBC,542725.0,SBC,INE04AK01028,Other Apparels & Accessories,13.58,13.58,646.67,36.8,Export NA,62.76,,32.47,65.84,55.53,0.93,Export NA,4.31,2.93,11.57,24.79,17.98,17.94,0.37,39.43,20.99,26.33,27.77,5.01,10.65,13.48,1.0,Textiles Apparels & Accessories,Other Apparels & Accessories,2024-12-31,2025-01-24,SBC,3918547.85
121,211969,Sheela Foam Ltd.,155.249614165144,74.0642054770238,50.6599401142669,540203.0,SFL,10222.6915,C,279.9737597564347,-0.07996169861059647,1.3572048265412566,Sheela Foam Ltd.,SFL,540203.0,SFL,INE916U01025,Furniture-Furnishing,668.0,668.0,7260.98,52.15,Export NA,56.63,60.95,45.67,64.96,48.74,-3.62,Export NA,5.87,0.7,2.42,0.14,11.22,4.12,12.81,-14.4,6.24,17.25,10.93,3.41,9.68,7.66,3.0,Diversified Consumer Services,Furniture-Furnishing,2024-12-31,2025-01-31,SFL,82853.9
125,300012,Sigachi Industries Ltd.,123.919795896767,125.85637044521,94.6901697380061,543389.0,SIGACHI,1831.98449,C,344.4663360799831,-0.07855642049666092,-0.46547483485305946,Sigachi Industries Ltd.,SIGACHI,543389.0,SIGACHI,INE0D0K01022,Pharmaceuticals,44.55,44.55,1702.33,23.86,Export NA,37.61,,54.29,40.48,40.18,0.54,Export NA,5.74,5.72,3.57,52.17,8.22,8.34,1.87,44.24,15.38,16.9,17.11,8.23,11.67,11.81,2.0,Pharmaceuticals & Biotechnology,Pharmaceuticals,2024-12-31,2025-01-18,SIGACHI,2421927.8
126,291768,Sky Gold and Diamonds Ltd.,282.057326902803,119.036537008979,80.7037165373548,541967.0,SKYGOLD,1258.460604,C,481.79758044913683,-0.07556400488740823,-0.5900591304422379,Sky Gold and Diamonds Ltd.,NAN,541967.0,SKYGOLD,INE01IU01018,Gems & Jewellery,339.25,339.25,4976.76,122.94,Export NA,35.24,35.03,97.41,65.84,83.36,,Export NA,4.31,2.37,20.26,98.24,17.98,24.45,2.76,,16.58,26.33,31.36,6.91,10.65,9.76,3.0,Textiles Apparels & Accessories,Gems & Jewellery,2024-12-31,2025-02-03,SKYGOLD,324849.8
128,237937,SRG Housing Finance Ltd.,27.7339406167389,53.7739839011229,52.9817213820644,534680.0,SRGHFL,358.834,S,134.4896458999262,-0.08313176333404915,-0.7854814127369023,SRG Housing Finance Ltd.,NAN,534680.0,SRGHFL,INE559N01010,Housing Finance ,325.0,325.0,509.46,20.98,Export NA,23.64,18.73,60.19,21.62,34.5,0.78,Export NA,4.95,0.91,2.5,40.74,4.05,3.94,15.49,26.82,13.18,17.25,13.79,3.14,2.86,2.65,3.0,Banking and Finance,Housing Finance ,2024-12-31,2025-04-30,SRGHFL,11147.15
129,207945,Star Cement Ltd.,50.1176439295621,40.6484847771819,30.8512882669123,540575.0,STARCEMENT,9144.5725,C,121.6174169736563,-0.08341224618368605,1.123009356300093,Star Cement Ltd.,STARCEMENT,540575.0,STARCEMENT,INE460H01021,Cement & Cement Products,223.1,223.1,9017.26,67.57,Export NA,27.78,23.55,99.95,40.59,53.63,-1.21,Export NA,3.35,4.71,3.28,83.21,4.65,4.07,3.3,-56.04,10.88,12.67,9.89,8.19,5.35,5.51,5.0,Cement and Construction ,Cement & Cement Products,2024-12-31,2025-01-30,STARCEMENT,597546.1
132,305499,Suraj Estate Developers Ltd.,85.6396148555709,38.0852388978248,24.1512704591443,544054.0,SURAJEST,1118.6982,C,147.87612421254,-0.08284007511088042,-0.6204191574214634,Suraj Estate Developers Ltd.,SURAJEST,544054.0,SURAJEST,INE843S01025,Realty,318.0,318.0,1519.19,15.01,Export NA,,,16.46,44.21,46.53,,Export NA,3.89,4.18,2.65,6.73,5.6,6.28,21.18,,13.07,9.66,10.57,5.23,4.59,4.99,7.0,Realty,Realty,2024-12-31,2025-02-10,SURAJEST,124072.25
134,304549,Syrma SGS Technology Ltd.,90.6392252938767,59.5904903510311,128.677580518239,543573.0,SYRMA,8248.58123,C,278.90729616314684,-0.07998493660219783,0.9283767630431078,Syrma SGS Technology Ltd.,SYRMA,543573.0,SYRMA,INE0DYJ01015,Other Electrical Equipment/Products,520.0,520.0,9264.22,66.52,Export NA,77.34,,40.4,53.59,56.58,3.11,Export NA,8.42,3.24,5.63,41.77,16.74,22.62,7.82,21.42,6.65,20.72,22.32,2.9,10.69,9.14,2.0,Consumer Durables,Other Electrical Equipment/Products,2024-12-31,2025-01-28,SYRMA,1141522.45
135,217015,Tarsons Products Ltd.,68.726804218417,60.5886898323958,58.5555795179085,543399.0,TARSONS,2096.543025,C,187.87107356872127,-0.08196859454362511,-0.4080058444070713,Tarsons Products Ltd.,TARSONS,543399.0,TARSONS,INE144Z01023,Medical Equipment,384.0,384.0,2043.12,68.37,Export NA,34.49,,97.84,75.15,57.97,,Export NA,2.27,,3.33,38.46,9.44,4.32,5.62,,6.95,17.33,10.33,4.38,10.91,7.17,4.0,Healthcare Equipment & Supplies,Medical Equipment,2024-12-31,2025-02-14,TARSONS,61931.7
136,223112,Tatva Chintan Pharma Chem Ltd.,21.2806714476902,53.6410478024818,55.6719271444032,543321.0,TATVA,2525.28336,C,130.59364639457522,-0.08321665624961987,-0.31487229943969847,Tatva Chintan Pharma Chem Ltd.,TATVA,543321.0,TATVA,INE0GK401011,Specialty Chemicals,742.5,742.5,1736.86,121.48,Export NA,76.37,,98.7,51.17,59.04,-1.96,Export NA,13.03,14.6,2.35,4.65,7.59,9.19,6.11,-62.07,4.11,14.53,14.4,3.7,9.9,9.72,6.0,Chemicals & Petrochemicals,Specialty Chemicals,2024-12-31,2025-01-28,TATVA,67104.55
137,304682,TBO Tek Ltd.,129.006498768899,88.6995717853913,114.884843034548,544174.0,TBOTEK,0.0,C,332.5909135888383,-0.07881518316783755,-0.8634294846737829,TBO Tek Ltd.,TBOTEK,544174.0,TBOTEK,INE673O01025,Travel Support Services,1075.0,1075.0,11673.19,53.64,Export NA,,,1.72,64.96,46.47,0.3,Export NA,5.87,0.65,10.85,,11.22,13.79,20.04,180.64,37.1,17.25,30.16,4.16,9.68,15.31,3.0,Diversified Consumer Services,Travel Support Services,2024-12-31,2025-02-12,TBOTEK,192424.05
138,220869,Techno Electric & Engineering Company Ltd.,78.8683604755771,-25.248980814534,-16.3632615832157,542141.0,TECHNOE,8298.50109,C,37.25611807782741,-0.08525045910305731,0.9392206541971204,Techno Electric & Engineering Company Ltd.,TECHNOE,542141.0,TECHNOE,INE285K01026,Electric Utilities,1140.0,1140.0,13258.15,36.24,Export NA,47.03,31.44,82.92,25.86,32.17,0.76,Export NA,2.11,1.91,3.79,78.18,4.97,4.98,31.46,47.7,12.41,19.18,19.85,9.47,7.09,6.72,5.0,Utilities,Electric Utilities,2024-12-31,2025-02-11,TECHNOE,492989.3
139,255331,Tega Industries Ltd.,8.63703165508019,53.1225626368215,35.8819980410809,543413.0,TEGA,8268.637125,C,97.64159233298258,-0.08393467378003551,0.9327334247480145,Tega Industries Ltd.,TEGA,543413.0,TEGA,INE011K01018,Coal & Mining,1387.0,1387.0,9228.47,49.17,Export NA,46.06,,71.45,18.22,8.32,14.7,Export NA,1.55,3.38,7.37,67.19,5.66,4.19,28.21,3.34,16.26,23.96,38.63,10.25,10.88,17.6,6.0,Metals & Mining,Coal & Mining,2024-12-31,2025-02-05,TEGA,111250.5
140,210859,Tejas Networks Ltd.,44.3305767912462,78.1390084038492,57.8554129076798,540595.0,TEJASNET,11199.42955,C,180.3249981027752,-0.08213302175839786,1.569377719257355,Tejas Networks Ltd.,TEJASNET,540595.0,TEJASNET,INE010J01012,Telecom Equipment,886.9,886.9,15638.03,23.51,Export NA,315.72,275.67,43.65,34.51,35.59,0.03,Export NA,2.54,3.06,4.2,70.23,9.46,11.98,37.72,798.13,1.99,8.38,8.45,0.76,5.19,5.32,5.0,Telecommunications Equipment,Telecom Equipment,2024-12-31,2025-04-25,TEJASNET,924360.05
141,100412,Thirumalai Chemicals Ltd.,63.752268835931,57.6552156738475,39.8964105865953,500412.0,TIRUMALCHM,2397.184,C,161.3038950963738,-0.08254748713226834,-0.34269881010576786,Thirumalai Chemicals Ltd.,TIRUMALCHM,500412.0,TIRUMALCHM,INE338A01024,Commodity Chemicals,273.02,273.02,2795.4,-53.24,Export NA,28.96,20.97,,51.17,40.2,0.78,Export NA,13.03,26.37,2.31,69.25,7.59,5.99,-5.13,-68.52,-3.38,14.53,11.79,-1.16,9.9,7.88,2.0,Chemicals & Petrochemicals,Commodity Chemicals,2024-12-31,2025-01-28,TIRUMALCHM,265827.0
143,200019,Transformers & Rectifiers (India) Ltd.,64.8100244023946,31.8599069122221,21.3898789453837,532928.0,TARIL,16087.39677,C,118.0598102600004,-0.08348976559968224,2.6311712518927073,Transformers & Rectifiers (India) Ltd.,TARIL,532928.0,TARIL,INE763I01026,Heavy Electrical Equipment,564.0,564.0,16929.35,79.01,Export NA,166.1,112.14,69.35,52.89,65.02,0.21,Export NA,4.08,5.76,15.34,92.54,13.34,17.37,7.14,381.37,17.11,21.36,22.24,9.8,11.85,14.76,5.0,General Industrials,Heavy Electrical Equipment,2025-03-31,2025-04-08,TARIL,868442.95
145,209521,Updater Services Ltd.,14.1118609227351,36.168346294013,59.224511385703,543996.0,UDS,2144.34444,C,109.5047186024511,-0.08367617904064563,-0.3976221345715912,Updater Services Ltd.,UDS,543996.0,UDS,INE851I01011,Misc. Commercial Services,303.5,303.5,2032.03,18.44,Export NA,,,8.88,56.77,42.37,0.18,Export NA,9.47,2.6,2.27,9.66,7.9,11.34,16.46,104.3,8.08,11.62,17.21,4.42,5.38,11.83,7.0,Commercial Services & Supplies,Misc. Commercial Services,2024-12-31,2025-01-27,UDS,172138.8
147,304683,Venus Pipes & Tubes Ltd.,65.5433773576944,198.573596485914,133.4684879025,543528.0,VENUSPIPES,3828.43448,S,397.5854617461084,-0.07739896720536261,-0.03179400349676535,Venus Pipes & Tubes Ltd.,VENUSPIPES,543528.0,VENUSPIPES,INE0JA001018,Iron & Steel Products,1275.0,1275.0,2604.97,27.65,Export NA,51.84,,15.95,18.22,22.97,1.04,Export NA,1.55,1.1,5.39,6.93,5.66,6.77,46.12,26.7,21.17,23.96,18.02,11.34,10.88,9.85,4.0,Metals & Mining,Iron & Steel Products,2024-12-31,2025-02-13,VENUSPIPES,80130.7
148,200054,V-Guard Industries Ltd.,10.4543849244691,60.3858359642411,48.657105995439,532953.0,VGUARD,14398.188,C,119.4973268841492,-0.08345844244955408,2.264231199611236,V-Guard Industries Ltd.,VGUARD,532953.0,VGUARD,INE951I01027,Household Appliances,358.9,358.9,15640.11,52.35,Export NA,67.76,58.43,45.49,53.59,46.79,1.9,Export NA,8.42,2.52,8.1,37.5,16.74,7.28,6.86,27.6,14.19,20.72,12.55,8.14,10.69,6.83,6.0,Consumer Durables,Household Appliances,2024-12-31,2025-01-28,VGUARD,402934.0
149,124129,Vinyl Chemicals (India) Ltd.,0.0,105.690736112778,60.2882794015599,524129.0,VINYLINDIA,579.99931,S,165.9790155143379,-0.08244561735472342,-0.7374385586767449,Vinyl Chemicals (I) Ltd.,VINYLINDIA,524129.0,VINYLINDIA,INE250B01029,Commodity Trading  & Distribution,286.15,286.15,524.72,23.23,Export NA,26.43,27.36,70.08,56.77,66.92,5.15,Export NA,9.47,11.64,4.59,63.1,7.9,8.12,12.32,4.51,18.7,11.62,9.53,7.15,5.38,2.68,5.0,Commercial Services & Supplies,Commodity Trading  & Distribution,2024-12-31,2025-05-05,VINYLINDIA,20772.65
150,107880,VIP Industries Ltd.,54.9719926792746,26.25291911667,20.263458939004,507880.0,VIPIND,7464.44075,C,101.48837073494859,-0.08385085338076471,0.7580410687007096,VIP Industries Ltd.,VIPIND,507880.0,VIPIND,INE054A01027,Other Apparels & Accessories,297.0,297.0,4217.99,-64.58,Export NA,88.43,104.93,,65.84,55.53,0.34,Export NA,4.31,2.93,6.51,30.32,17.98,17.94,-4.6,-188.35,8.0,26.33,27.77,2.62,10.65,13.48,2.0,Textiles Apparels & Accessories,Other Apparels & Accessories,2024-12-31,2025-01-28,VIPIND,351697.5
152,310205,Vishnu Prakash R Punglia Ltd.,36.6544325239978,59.1923883895165,50.640336133784,543974.0,VPRPL,1868.41356,S,146.4871570472983,-0.08287034037968433,-0.4575614939518248,Vishnu Prakash R Punglia Ltd.,VPRPL,543974.0,VPRPL,INE0AE001013,Construction & Engineering,180.75,180.75,2252.94,20.58,Export NA,,,34.33,40.59,34.35,1.2,Export NA,3.35,2.78,2.97,9.45,4.65,5.61,8.78,17.13,16.94,12.67,15.97,7.92,5.35,5.27,5.0,Cement and Construction ,Construction & Engineering,2024-12-31,2025-02-03,VPRPL,969979.2
154,313386,Vraj Iron & Steel Ltd.,65.8291869710182,29.6326510929316,19.3171560221333,544204.0,VRAJ,0.0,C,114.7789940860831,-0.08356125381472768,-0.8634294846737829,Vraj Iron & Steel Ltd.,VRAJ,544204.0,VRAJ,INE0S2V01010,Iron & Steel/Interm.Products,161.01,161.01,531.05,11.32,Export NA,,,57.07,18.22,36.02,-1.11,Export NA,1.55,0.6,1.4,,5.66,2.72,14.22,-10.22,28.65,23.96,13.77,20.46,10.88,6.59,3.0,Metals & Mining,Iron & Steel/Interm.Products,2024-12-31,2025-02-12,VRAJ,52669.35
156,132553,Welspun Enterprises Ltd.,236.862686118213,-52.6334329941237,27.8851156111034,532553.0,WELENT,4162.87245,C,212.1143687351927,-0.08144033882724303,0.04085461660050608,Welspun Enterprises Ltd.,WELENT,532553.0,WELENT,INE625G01013,Construction & Engineering,497.1,497.1,6880.55,23.11,Export NA,14.56,13.32,68.04,40.59,34.35,-1.23,Export NA,3.35,2.78,2.82,95.69,4.65,5.61,21.51,-18.83,12.7,12.67,15.97,5.96,5.35,5.27,4.0,Cement and Construction ,Construction & Engineering,2024-12-31,2025-02-03,WELENT,561358.75
158,275557,Yasho Industries Ltd.,94.0951975976012,77.5620001839772,60.4612511134947,541167.0,YASHO,1839.203924,C,232.11844889507313,-0.08100445461171622,-0.4639065861342214,Yasho Industries Ltd.,NAN,541167.0,YASHO,INE616Z01012,Specialty Chemicals,1770.0,1770.0,2134.11,112.21,Export NA,34.8,35.16,99.5,51.17,59.04,-1.7,Export NA,13.03,14.6,7.16,16.87,7.59,9.19,15.77,-65.84,19.65,14.53,14.4,5.83,9.9,9.72,3.0,Chemicals & Petrochemicals,Specialty Chemicals,2024-12-31,2025-02-11,YASHO,16764.4
159,308651,Zaggle Prepaid Ocean Services Ltd.,2.75508989165376,51.4789369512855,52.7355469214268,543985.0,ZAGGLE,3520.97505,C,106.96957376436606,-0.08373141925215066,-0.09858218345549914,Zaggle Prepaid Ocean Services Ltd.,ZAGGLE,543985.0,ZAGGLE,INE07K301024,IT Software Products,358.15,358.15,4806.56,63.3,Export NA,,,9.09,27.64,46.25,0.47,Export NA,5.09,0.74,7.75,23.08,8.69,6.83,5.66,134.21,7.65,31.36,16.09,6.32,19.49,10.26,4.0,Software & Services,IT Software Products,2024-12-31,2025-02-07,ZAGGLE,1410938.6
