Sr.No.,Accord Code,Company Name,GB+CWIP_1Y_CAGR,GB+CWIP_2Y_CAGR,GB+CWIP_3y_CAGR,FH_Market Capitalization,CONS_FH_1,GB+CWIP_CAGR_SUM,ZSCORE_CAGR,ZSCORE_MCAP,Stock Name,NSE Code,BSE Code,Stock Code,ISIN,Industry Name,Current Price,Current Price.1,Market Capitalization,PE TTM Price to Earnings,Forecaster Estimates 1Y forward PE,PE 3Yr Average,PE 5Yr Average,%Days traded below current PE Price to Earnings,Sector PE TTM,Industry PE TTM,PEG TTM PE to Growth,Forecaster Estimates 1Y forward PEG,Sector PEG TTM,Industry PEG TTM,Price to Book Value,%Days traded below current Price to Book Value,Sector Price to Book TTM,Industry Price to Book TTM,Basic EPS TTM,EPS TTM Growth %,ROE Annual %,Sector Return on Equity ROE,Industry Return on Equity ROE,RoA Annual %,Sector Return on Assets,Industry Return on Assets,Piotroski Score,sector_name,Industry Name.1,Latest financial result,Result Announced Date
1,126881.0,63 Moons Technologies Ltd.,52.2100344388312,31.0689616836318,93.7321191047828,2844.32665763,C,177.0111152272458,-0.2065323460430779,-0.10103771624493078,63 Moons Technologies Ltd.,63MOONS,526881.0,63MOONS,INE111B01023,IT Consulting & Software,719.3,719.3,3314.43,-91.7,Export NA,58.66,58.66,,27.64,26.51,0.77,Export NA,5.09,5.29,1.0,96.79,8.69,8.78,-7.84,-119.27,6.64,31.36,33.12,6.1,19.49,20.52,7.0,Software & Services,IT Consulting & Software,2024-12-31,2025-02-12
2,123204.0,Aban Offshore Ltd.,41.4977215890513,35.9277155829265,112.964282040677,1510.23858395,C,190.38971921265482,-0.17621959217166047,-0.4393295635064313,Aban Offshore Ltd.,ABAN,523204.0,ABAN,INE421A01028,Exploration & Production,39.51,39.51,230.6,-0.24,Export NA,,,,21.32,8.27,-0.01,Export NA,2.03,0.36,-0.01,,1.98,0.96,-166.14,28.61,0.0,13.5,14.29,-86.98,5.84,6.93,4.0,Oil & Gas,Exploration & Production,2024-12-31,2025-02-11
3,112599.0,Adani Enterprises Ltd.,132.35952758321,158.570489520274,254.498021978673,6585.453,C,545.428039082157,0.6282133080669031,0.8476196971355433,Adani Enterprises Ltd.,ADANIENT,512599.0,ADANIENT,INE423A01024,Commodity Trading  & Distribution,2453.6,2453.6,283189.78,76.44,Export NA,109.12,206.2,65.4,56.77,66.92,13.99,Export NA,9.47,11.64,6.76,62.56,7.9,8.12,32.1,5.47,9.18,11.62,9.53,2.01,5.38,2.68,5.0,Commercial Services & Supplies,Commodity Trading  & Distribution,2024-12-31,2025-01-30
4,132749.0,Allcargo Logistics Ltd.,30.7344446074227,44.5015104350262,133.037153619844,1429.257676,C,208.27310866229288,-0.13570005938895752,-0.4598643254039357,Allcargo Logistics Ltd.,ALLCARGO,532749.0,ALLCARGO,INE418H01029,Warehousing & Logistics,30.9,30.9,3036.8,71.42,Export NA,23.81,23.31,94.72,32.6,37.34,-0.89,Export NA,1.61,6.02,1.19,14.92,19.63,5.27,0.43,-80.4,5.93,132.52,13.61,2.04,8.54,8.59,1.0,Transportation,Warehousing & Logistics,2024-12-31,2025-02-13
5,121070.0,Alok Industries Ltd.,57.0833249787794,49.2448167113781,65.3293912978218,1065.93315,C,171.65753298797932,-0.21866229778739024,-0.5519944684438253,Alok Industries Ltd.,ALOKINDS,521070.0,ALOKINDS,INE270A01029,Textiles,18.62,18.62,9245.28,-11.32,Export NA,,,,65.84,31.53,-3.16,Export NA,4.31,6.74,-0.46,,17.98,4.44,-1.64,3.59,0.0,26.33,15.41,-12.13,10.65,10.79,2.0,Textiles Apparels & Accessories,Textiles,2025-03-31,2025-04-21
6,115055.0,Anant Raj Ltd.,27.9526269664374,29.1372587160437,150.31926938217,1184.4641967,C,207.4091550646511,-0.13765757399886774,-0.5219379170533507,Anant Raj Ltd.,ANANTRAJ,515055.0,ANANTRAJ,INE242C01024,Realty,496.9,496.9,17056.62,40.08,Export NA,64.36,90.04,75.07,44.21,46.53,0.64,Export NA,3.89,4.18,4.46,93.48,5.6,6.28,12.4,63.1,10.22,9.66,10.57,8.12,4.59,4.99,6.0,Realty,Realty,2025-03-31,2025-04-21
7,106074.0,Arshiya Ltd.,467.525927934819,2865.56340831821,480.18886386626,949.1219613,C,3813.2782001192886,8.03238923914495,-0.5816149062438061,Arshiya Ltd.,ARSHIYA,506074.0,ARSHIYA,INE968D01022,Warehousing & Logistics,3.15,3.15,82.99,-0.03,Export NA,,0.67,,32.6,37.34,0.0,Export NA,1.61,6.02,-0.03,,19.63,5.27,-99.9,-1578.14,0.0,132.52,13.61,-109.54,8.54,8.59,3.0,Transportation,Warehousing & Logistics,2024-03-31,2024-06-06
8,100477.0,Ashok Leyland Ltd.,71.0190162251867,44.1400966736421,37.5799209870433,2407.91178,S,152.7390338858721,-0.26152714433821483,-0.21170177061925013,Ashok Leyland Ltd.,ASHOKLEY,500477.0,ASHOKLEY,INE208A01029,Commercial Vehicles,230.15,230.15,67584.18,23.88,Export NA,31.94,31.94,40.57,30.67,30.88,1.27,Export NA,3.29,1.46,6.55,93.29,6.56,5.83,9.64,18.78,27.58,22.1,19.44,3.67,10.64,7.09,4.0,Automobiles & Auto Components,Commercial Vehicles,2024-12-31,2025-02-12
9,131847.0,Asian Star Company Ltd.,17.192276281625,70.2858022809637,46.6928743934463,1166.62894,C,134.170952956035,-0.3035980261510382,-0.5264604984739182,Asian Star Company Ltd.,,531847.0,ASTAR,INE194D01017,Gems & Jewellery,772.7,772.7,1236.85,18.93,Export NA,15.88,16.6,73.86,65.84,83.36,-1.33,Export NA,4.31,2.37,0.8,0.72,17.98,24.45,40.83,-14.2,5.1,26.33,31.36,2.84,10.65,9.76,3.0,Textiles Apparels & Accessories,Gems & Jewellery,2024-12-31,2025-02-14
10,100032.0,Bajaj Hindusthan Sugar Ltd.,7.74054045503538,31.1473948272657,56.5312107262103,1457.23005,C,95.41914600851138,-0.3914004596003047,-0.45277122093846595,Bajaj Hindusthan Sugar Ltd.,BAJAJHIND,500032.0,BAJAJHIND,INE306A01021,Sugar,20.74,20.74,2649.24,-17.31,Export NA,-14.18,-12.24,,41.6,26.19,0.08,Export NA,4.37,4.21,0.61,57.61,10.24,3.17,-1.2,-230.65,-1.97,19.7,13.89,-0.54,14.51,7.96,3.0,Food Beverages & Tobacco,Sugar,2024-12-31,2025-02-12
13,200018.0,BGR Energy Systems Ltd.,73.9145961056976,39.7825267255036,37.1253431301664,1028.16,C,150.82246596136758,-0.2658696341702421,-0.5615728080920745,BGR Energy Systems Ltd.,BGRENERGY,532930.0,BGRENERGY,INE661I01014,Electric Utilities,89.2,89.2,643.68,-1.26,Export NA,,,,25.86,32.17,-0.02,Export NA,2.11,1.91,-0.69,,4.97,4.98,-70.89,53.67,0.0,19.18,19.85,-17.39,7.09,6.72,3.0,Utilities,Electric Utilities,2024-12-31,2025-02-12
14,126853.0,Bilcare Ltd.,49.39782707552,55.3381683452771,58.2128354244186,528.28867,C,162.9488308452157,-0.2383941580682526,-0.688327854445427,Bilcare Ltd.,,526853.0,BI,INE986A01012,Healthcare Supplies,86.15,86.15,202.84,-5.01,Export NA,10.23,10.23,,75.15,76.88,0.02,Export NA,2.27,2.27,0.43,64.96,9.44,9.94,-17.19,-317.17,-6.67,17.33,18.03,-2.12,10.91,11.26,4.0,Healthcare Equipment & Supplies,Healthcare Supplies,2024-12-31,2025-02-13
15,101150.0,Centrum Capital Ltd.,1.45285384281559,73.9545921575604,52.1468688696608,1116.393696,C,127.55431487003679,-0.3185897638522105,-0.5391989179423682,Centrum Capital Ltd.,CENTRUM,501150.0,CENTRUM,INE660C01027,Other Financial Services,26.06,26.06,1084.18,-6.56,Export NA,,,,21.62,43.72,0.27,Export NA,4.95,4.89,3.12,93.03,4.05,11.37,-3.97,-23.88,-22.54,17.25,20.92,-0.57,2.86,14.05,5.0,Banking and Finance,Other Financial Services,2024-12-31,2025-05-16
16,132756.0,CIE Automotive India Ltd.,-8.23217370514147,-2.87585424560413,121.778474658038,988.808025,C,110.6704467072924,-0.35684461768994324,-0.5715514988387932,CIE Automotive India Ltd.,CIEINDIA,532756.0,CIEINDIA,INE536H01010,Auto Parts & Equipment,416.4,416.4,15796.65,19.09,Export NA,17.9,50.26,45.67,30.67,37.63,-0.72,Export NA,3.29,2.11,2.47,46.42,6.56,8.02,21.81,-26.45,12.58,22.1,17.48,8.47,10.64,9.23,5.0,Automobiles & Auto Components,Auto Parts & Equipment,2024-12-31,2025-04-29
17,132839.0,Dish TV India Ltd.,68.451799615799,51.8890165070853,93.9236165057042,1646.077749605,C,214.2644326285885,-0.12212513565608413,-0.404884099832409,Dish TV India Ltd.,DISHTV,532839.0,DISHTV,INE836F01026,Broadcasting & Cable TV,5.4,5.4,994.28,-0.48,Export NA,,,,29.76,17.72,0.02,Export NA,4.22,0.1,-0.36,,8.37,1.64,-11.27,-22.25,0.0,19.99,11.03,-72.58,12.88,10.24,5.0,Media,Broadcasting & Cable TV,2024-12-31,2025-02-14
18,132922.0,Edelweiss Financial Services Ltd.,39.0654399199047,80.9809557902641,96.7844305128707,1935.17055,C,216.8308262230395,-0.11631029447754117,-0.33157729242961453,Edelweiss Financial Services Ltd.,EDELWEISS,532922.0,EDELWEISS,INE532F01054,Other Financial Services,85.45,85.45,8082.13,17.47,Export NA,19.51,23.73,55.13,21.62,43.72,1.13,Export NA,4.95,4.89,1.6,67.09,4.05,11.37,4.89,15.39,8.83,17.25,20.92,0.98,2.86,14.05,8.0,Banking and Finance,Other Financial Services,2024-12-31,2025-02-07
19,132696.0,Educomp Solutions Ltd.,201.647428785967,199.11383793993,189.159439050529,3613.89759,C,589.9207057764261,0.7290231725383608,0.09410650057733028,Educomp Solutions Ltd.,EDUCOMP,532696.0,EDUCOMP,INE216H01027,Education,1.75,1.75,21.43,-0.46,Export NA,-0.73,-0.53,,64.96,48.52,0.0,Export NA,5.87,9.13,-0.01,,11.22,13.96,-3.79,-177.9,0.0,17.25,19.7,-15.64,9.68,10.18,2.0,Diversified Consumer Services,Education,2024-12-31,2018-02-02
20,131162.0,Emami Ltd.,496.633745688251,168.414535938989,30.9221871129135,1270.86525,C,695.9704687401535,0.9693068647941148,-0.5000287399136655,Emami Ltd.,EMAMILTD,531162.0,EMAMILTD,INE548C01032,Personal Products,643.1,643.1,28071.32,35.39,Export NA,35.39,36.16,27.32,53.52,52.48,3.43,Export NA,10.76,14.98,10.68,44.3,22.28,15.43,18.17,10.31,29.57,42.17,29.75,22.06,19.26,17.43,9.0,FMCG,Personal Products,2024-12-31,2025-05-16
21,132684.0,Everest Kanto Cylinder Ltd.,153.701889417295,97.1693717724212,78.4078609408355,1212.3726375,C,329.27912213055174,0.13847096078812324,-0.5148610244713059,Everest Kanto Cylinder Ltd.,EKC,532684.0,EKC,INE184H01027,Other Industrial Products,128.0,128.0,1436.26,14.49,Export NA,18.25,15.07,66.99,52.89,29.3,-0.8,Export NA,4.08,3.31,1.24,61.84,13.34,21.45,8.83,-18.12,9.01,21.36,21.38,7.02,11.85,12.12,7.0,General Industrials,Other Industrial Products,2024-12-31,2025-02-12
22,132809.0,Firstsource Solutions Ltd.,20.5036890861455,76.602969767301,63.4158172640703,659.8403277,C,160.52247611751682,-0.24389170428052562,-0.6549695970922321,Firstsource Solutions Ltd.,FSL,532809.0,FSL,INE684F01012,BPO/KPO,354.3,354.3,24694.38,43.53,Export NA,31.37,27.32,95.84,27.64,34.99,5.08,Export NA,5.09,7.38,6.33,95.73,8.69,5.28,8.14,8.56,13.91,31.36,14.86,8.46,19.49,9.68,6.0,Software & Services,BPO/KPO,2024-12-31,2025-04-28
23,122275.0,GE Vernova T&D India Ltd.,105.474747537679,73.6716408083266,55.4912716954333,4893.26336,S,234.6376600414389,-0.07596421865714459,0.4185221206514851,GE Vernova T&D India Ltd.,GVT&D,522275.0,GVT&D,INE200A01026,Industrial Machinery,1520.4,1520.4,38929.31,79.75,Export NA,201.12,121.29,49.06,52.89,51.56,0.26,Export NA,4.08,2.13,28.28,91.87,13.34,13.18,19.06,306.13,14.56,21.36,20.04,5.05,11.85,12.4,9.0,General Industrials,Industrial Machinery,2024-12-31,2025-02-05
24,132296.0,Glenmark Pharmaceuticals Ltd.,63.1380519729003,60.3712848214517,53.6435486268453,3953.2056,C,177.1528854211973,-0.20621112829866733,0.18014664721989476,Glenmark Pharmaceuticals Ltd.,GLENMARK,532296.0,GLENMARK,INE935A01035,Pharmaceuticals,1411.0,1411.0,39818.53,-226.45,Export NA,98.84,56.76,,40.48,40.18,-2.87,Export NA,5.74,5.72,4.71,66.34,8.22,8.34,-6.23,79.03,-19.13,16.9,17.11,-10.45,11.67,11.81,2.0,Pharmaceuticals & Biotechnology,Pharmaceuticals,2024-12-31,2025-02-14
25,132754.0,GMR Airports Ltd.,75.7113146002088,80.9801268324505,68.0084131042822,17277.9685,C,224.6998545369415,-0.09848093659037495,3.55897803376277,GMR Airports Ltd.,GMRAIRPORT,532754.0,GMRAIRPORT,INE776C01039,Construction & Engineering,87.51,87.51,92401.6,-334.51,Export NA,,,,40.59,34.35,-4.88,Export NA,3.35,2.78,-54.39,,4.65,5.61,-0.26,68.6,0.0,12.67,15.97,-1.14,5.35,5.27,4.0,Cement and Construction ,Construction & Engineering,2024-12-31,2025-01-28
27,132775.0,GTL Infrastructure Ltd.,63.5793877010748,84.4400456571423,75.8429680090926,2407.6840183,C,223.8624013673097,-0.10037840749522967,-0.21175952537154014,GTL Infrastructure Ltd.,GTLINFRA,532775.0,GTLINFRA,INE221H01019,Telecom Equipment,1.52,1.52,1946.99,-2.32,Export NA,-1.41,-1.06,,34.51,35.59,-0.07,Export NA,2.54,3.06,-0.35,,9.46,11.98,-0.66,31.21,0.0,8.38,8.45,-16.19,5.19,5.32,3.0,Telecommunications Equipment,Telecom Equipment,2024-12-31,2025-02-05
28,132708.0,GVK Power & Infrastructure Ltd.,69.7176873691146,40.7254830347547,41.4838363460521,3282.657415,C,151.92700674992142,-0.2633670058615718,0.010112158000776476,GVK Power & Infrastructure Ltd.,GVKPIL,532708.0,GVKPIL,INE251H01024,Construction & Engineering,3.57,3.57,563.78,0.95,Export NA,26.64,4.96,60.82,40.59,34.35,0.0,Export NA,3.35,2.78,-1.2,,4.65,5.61,3.77,597.1,-1.72,12.67,15.97,0.26,5.35,5.27,5.0,Cement and Construction ,Construction & Engineering,2024-12-31,2025-02-14
29,117354.0,Havells India Ltd.,3.90531833120871,246.487699791063,165.434433429747,866.304,C,415.8274515520187,0.3345690148598742,-0.6026154995834393,Havells India Ltd.,HAVELLS,517354.0,HAVELLS,INE176B01034,Other Electrical Equipment/Products,1613.0,1613.0,101125.7,68.69,Export NA,81.6,75.04,57.52,53.59,56.58,4.33,Export NA,8.42,3.24,12.98,78.9,16.74,22.62,23.48,15.86,17.06,20.72,22.32,10.22,10.69,9.14,4.0,Consumer Durables,Other Electrical Equipment/Products,2025-03-31,2025-04-22
30,132281.0,HCL Technologies Ltd.,144.839480057532,81.6370700045117,59.2078656456392,12446.5425,C,285.6844157076829,0.03969566200998831,2.3338475055070442,HCL Technologies Ltd.,HCLTECH,532281.0,HCLTECH,INE860A01027,IT Consulting & Software,1594.4,1594.4,432666.76,24.88,Export NA,26.25,25.11,71.26,27.64,26.51,2.31,Export NA,5.09,5.29,6.28,85.38,8.69,8.78,64.08,10.75,23.0,31.36,33.12,15.73,19.49,20.52,5.0,Software & Services,IT Consulting & Software,2025-03-31,2025-04-22
31,100440.0,Hindalco Industries Ltd.,10.3215679305775,74.2814265136815,50.2929976489,8824.557,C,134.895992093159,-0.3019552588686854,1.4154012726661442,Hindalco Industries Ltd.,HINDALCO,500440.0,HINDALCO,INE038A01020,Aluminium and Aluminium Products,627.7,627.7,141058.41,10.15,Export NA,12.68,15.36,40.72,18.22,11.11,0.21,Export NA,1.55,0.13,1.22,69.53,5.66,2.8,61.82,47.91,9.56,23.96,12.08,4.37,10.88,3.9,7.0,Metals & Mining,Aluminium and Aluminium Products,2024-12-31,2025-05-20
32,115145.0,Hindusthan National Glass & Industries Ltd.,11.8412013505479,55.6038860971646,37.6726683612346,724.90955,C,105.1177558089471,-0.3694257025855849,-0.6384696464172992,Hindusthan National Glass & Industries Ltd.,HINDNATGLS,515145.0,HINDNATGLS,INE952A01022,Construction Materials,18.1,18.1,162.09,8.68,Export NA,-0.61,-1.46,92.42,40.59,20.81,-0.1,Export NA,3.35,0.58,-0.21,,4.65,3.78,2.09,-91.33,-19.62,12.67,17.11,5.64,5.35,5.36,7.0,Cement and Construction ,Construction Materials,2024-12-31,2025-02-11
33,100193.0,HLV Ltd.,60.1791635980665,49.6485993437878,35.7420154487894,702.7545,C,145.5697783906437,-0.2777709824475705,-0.6440876209262809,HLV Ltd.,HLVLTD,500193.0,HLVLTD,INE102A01024,Hotels,13.23,13.23,872.2,33.9,Export NA,114.66,114.66,44.46,59.17,59.29,5.52,Export NA,1.57,1.52,1.94,47.93,11.09,8.68,0.39,6.15,5.36,12.4,12.35,4.1,5.99,6.89,8.0,Hotels Restaurants & Tourism,Hotels,2024-12-31,2025-02-11
34,132799.0,Hubtown Ltd.,99.7403028836618,61.7239127052107,38.3797712367764,4686.342,C,199.8439868256489,-0.15479845679013954,0.36605196482498714,Hubtown Ltd.,HUBTOWN,532799.0,HUBTOWN,INE703H01016,Realty,215.35,215.35,2920.16,-62.84,Export NA,509.68,509.68,,44.21,46.53,0.09,Export NA,3.89,4.18,1.28,94.11,5.6,6.28,-3.43,-664.64,-6.84,9.66,10.57,-1.75,4.59,4.99,3.0,Realty,Realty,2024-12-31,2025-02-14
35,132636.0,IIFL Finance Ltd.,33.2014052946123,98.1020382015411,112.750409401261,1666.392,C,244.0538528974144,-0.054629351673991404,-0.3997329067234706,IIFL Finance Ltd.,IIFL,532636.0,IIFL,INE530B01024,Other Financial Services,379.5,379.5,16123.43,29.61,Export NA,12.54,13.58,98.31,21.62,43.72,-0.42,Export NA,4.95,4.89,1.33,17.92,4.05,11.37,12.82,-69.8,16.58,17.25,20.92,2.82,2.86,14.05,3.0,Banking and Finance,Other Financial Services,2024-12-31,2025-02-12
37,132814.0,Indian Bank,104.556689852889,48.2152867320446,32.4504910631768,3552.04905,C,185.2224676481104,-0.18792736265642548,0.07842323553673039,Indian Bank,INDIANB,532814.0,INDIANB,INE562A01011,Banks,582.1,582.1,78406.77,7.41,Export NA,9.08,7.85,51.78,21.62,16.24,0.19,Export NA,4.95,1.14,1.18,83.8,4.05,2.49,78.51,38.36,15.51,17.25,14.67,1.05,2.86,1.52,5.0,Banking and Finance,Banks,2024-12-31,2025-01-29
38,132388.0,Indian Overseas Bank,109.794208956119,52.3071866312854,39.1995181215725,2478.84,S,201.3009137089769,-0.1514974048962993,-0.1937161225648582,Indian Overseas Bank,IOB,532388.0,IOB,INE565A01014,Banks,38.78,38.78,74677.06,23.98,Export NA,38.08,33.39,38.29,21.62,16.24,1.0,Export NA,4.95,1.14,2.62,58.84,4.05,2.49,1.62,24.01,10.73,17.25,14.67,0.75,2.86,1.52,5.0,Banking and Finance,Banks,2024-12-31,2025-01-20
39,132777.0,Info Edge (India) Ltd.,13.728630392042,72.227885058195,59.1108522855642,1170.422464,C,145.06736773580118,-0.2789093262194041,-0.525498554306281,Info Edge (India) Ltd.,NAUKRI,532777.0,NAUKRI,INE663F01024,Internet & Catalogue Retail,7085.5,7085.5,91816.81,164.21,Export NA,162.8,56.43,83.18,100.12,136.73,1.25,Export NA,3.94,1.87,2.2,,17.18,12.22,43.15,131.06,1.9,12.88,2.11,1.59,9.05,1.75,7.0,Retailing,Internet & Catalogue Retail,2024-12-31,2025-02-05
40,111034.0,Jindal Drilling & Industries Ltd.,19.8977168430223,50.5604880100078,0.880885116785213,780.11615808,S,71.33908996981532,-0.4459601739551814,-0.6244706115732889,Jindal Drilling & Industries Ltd.,JINDRILL,511034.0,JINDRILL,INE742C01031,Exploration & Production,721.85,721.85,2092.0,16.18,Export NA,29.05,23.22,52.88,21.32,8.27,0.23,Export NA,2.03,0.36,1.46,90.72,1.98,0.96,44.61,69.41,3.75,13.5,14.29,2.44,5.84,6.93,4.0,Oil & Gas,Exploration & Production,2024-12-31,2025-01-27
41,100378.0,Jindal Saw Ltd.,62.2009120858625,46.0168364135047,39.8872169042363,1155.025736,C,148.1049654036035,-0.2720268480053165,-0.5294027849636583,Jindal Saw Ltd.,JINDALSAW,500378.0,JINDALSAW,INE324A01032,Other Industrial Products,269.65,269.65,17244.34,8.85,Export NA,15.7,12.46,50.71,52.89,29.3,0.32,Export NA,4.08,3.31,1.71,91.15,13.34,21.45,30.48,27.89,16.61,21.36,21.38,7.97,11.85,12.12,9.0,General Industrials,Other Industrial Products,2024-12-31,2025-01-24
42,123405.0,JM Financial Ltd.,32.3434793367978,88.8334921168188,62.1875539335689,1544.382,C,183.3645253871855,-0.19213702059414042,-0.4306716349069264,JM Financial Ltd.,JMFINANCIL,523405.0,JMFINANCIL,INE780C01023,Holding Companies,105.15,105.15,10050.69,26.24,Export NA,19.37,15.17,96.25,29.46,29.52,-0.58,Export NA,2.68,2.61,1.15,59.48,3.45,3.43,4.01,-44.93,4.82,11.36,12.16,1.37,3.35,3.51,5.0,Diversified,Holding Companies,2024-12-31,2025-05-12
43,100228.0,JSW Steel Ltd.,32.8405595511587,61.6895562810634,47.3912115769234,4336.75425,C,141.9213274091455,-0.2860375098621425,0.27740512953676577,JSW Steel Ltd.,JSWSTEEL,500228.0,JSWSTEEL,INE019A01038,Iron & Steel/Interm.Products,1035.7,1035.7,253275.67,76.75,Export NA,35.94,25.28,99.65,18.22,36.02,-1.09,Export NA,1.55,0.6,3.18,55.13,5.66,2.72,13.49,-70.48,11.34,23.96,13.77,3.86,10.88,6.59,7.0,Metals & Mining,Iron & Steel/Interm.Products,2024-12-31,2025-05-23
44,130019.0,Jubilant Pharmova Ltd.,72.8301257566013,64.5361289807139,49.8466413081604,1407.5316,C,187.21289604547562,-0.1834175224538293,-0.46537352268167603,Jubilant Pharmova Ltd.,JUBLPHARMA,530019.0,JUBLPHARMA,INE700A01033,Pharmaceuticals,922.1,922.1,14687.31,23.42,Export NA,191.0,60.1,75.38,40.48,40.18,0.02,Export NA,5.74,5.72,2.47,62.26,8.22,8.34,39.38,1556.63,1.41,16.9,17.11,0.66,11.67,11.81,6.0,Pharmaceuticals & Biotechnology,Pharmaceuticals,2024-12-31,2025-01-31
45,122287.0,Kalpataru Projects International Ltd.,46.8178697256037,42.9770523123052,63.972709746877,863.37,C,153.7676317847859,-0.2591965846642431,-0.6033594896538456,Kalpataru Projects International Ltd.,KPIL,522287.0,KPIL,INE220B01022,Construction & Engineering,989.0,989.0,16889.4,32.14,Export NA,33.07,22.72,83.08,40.59,34.35,6.58,Export NA,3.35,2.78,3.25,91.04,4.65,5.61,30.77,4.88,9.91,12.67,15.97,2.31,5.35,5.27,6.0,Cement and Construction ,Construction & Engineering,2024-12-31,2025-02-13
46,100257.0,Lupin Ltd.,33.4407635461017,51.1747169785709,38.8889875311357,5707.9544,C,123.50446805580829,-0.32776575933204827,0.6251076844581969,Lupin Ltd.,LUPIN,500257.0,LUPIN,INE326A01037,Pharmaceuticals,2088.0,2088.0,95330.77,33.23,Export NA,83.1,57.52,38.18,40.48,40.18,0.55,Export NA,5.74,5.72,6.09,71.03,8.22,8.34,62.83,60.18,13.39,16.9,17.11,7.97,11.67,11.81,8.0,Pharmaceuticals & Biotechnology,Pharmaceuticals,2024-12-31,2025-02-11
47,132313.0,Mahindra Lifespace Developers Ltd.,52.157071653911,45.945007521056,40.3908610984125,539.293578,C,138.4929402733795,-0.2938054246263249,-0.6855372810719664,Mahindra Lifespace Developers Ltd.,MAHLIFE,532313.0,MAHLIFE,INE813A01018,Realty,332.05,332.05,5149.69,107.94,Export NA,78.71,66.03,90.32,44.21,46.53,1.44,Export NA,3.89,4.18,2.81,73.57,5.6,6.28,3.08,74.95,5.24,9.66,10.57,1.97,4.59,4.99,2.0,Realty,Realty,2024-12-31,2025-04-25
48,100294.0,NCC Ltd.,45.6009493365123,61.089803940172,100.428515539138,1416.5815,C,207.1192688158223,-0.13831438770835786,-0.46307869114174116,NCC Ltd.,NCC,500294.0,NCC,INE868B01028,Construction & Engineering,219.78,219.78,13798.81,17.14,Export NA,20.63,17.25,47.83,40.59,34.35,0.79,Export NA,3.35,2.78,2.01,89.88,4.65,5.61,12.83,21.56,10.7,12.67,15.97,3.92,5.35,5.27,7.0,Cement and Construction ,Construction & Engineering,2024-12-31,2025-02-06
50,132780.0,Parsvnath Developers Ltd.,37.7194054914929,78.4227004601458,90.1652326938598,669.523725,C,206.30733864549853,-0.14015402953052739,-0.6525141262541276,Parsvnath Developers Ltd.,PARSVNATH,532780.0,PARSVNATH,INE561H01026,Realty,23.15,23.15,1007.44,-1.77,Export NA,,,,44.21,46.53,-0.09,Export NA,3.89,4.18,-0.52,,5.6,6.28,-13.05,19.8,0.0,9.66,10.57,-9.98,4.59,4.99,3.0,Realty,Realty,2024-12-31,2025-02-14
51,131120.0,Patel Engineering Ltd.,2.72972842659591,54.0562844128157,34.1305282658994,802.427,C,90.91654110531101,-0.4016022978757932,-0.6188131320740107,Patel Engineering Ltd.,PATELENG,531120.0,PATELENG,INE244B01030,Construction & Engineering,43.67,43.67,3687.39,10.53,Export NA,18.81,21.66,35.32,40.59,34.35,0.21,Export NA,3.35,2.78,1.01,84.03,4.65,5.61,4.15,49.14,9.21,12.67,15.97,3.22,5.35,5.27,8.0,Cement and Construction ,Construction & Engineering,2024-12-31,2025-02-12
52,103031.0,Peninsula Land Ltd.,20.6783438186313,22.5894288633046,71.9361403342011,607.262175,C,115.203913016137,-0.34657285476503386,-0.668302120449117,Peninsula Land Ltd.,PENINLAND,503031.0,PENINLAND,INE138A01028,Realty,28.88,28.88,958.03,57.06,Export NA,10.12,10.12,98.72,44.21,46.53,-0.64,Export NA,3.89,4.18,4.04,66.24,5.6,6.28,0.51,-89.3,60.72,9.66,10.57,12.86,4.59,4.99,6.0,Realty,Realty,2024-12-31,2025-02-07
53,100302.0,Piramal Enterprises Ltd.,53.6033651520067,27.7116560386753,23.3785289309653,4059.825,C,104.6935501216473,-0.37038685238895735,0.20718269865570454,Piramal Enterprises Ltd.,PEL,500302.0,PEL,INE140A01024,Finance (including NBFCs),1020.0,1020.0,22998.73,44.22,Export NA,2.16,14.59,81.63,21.62,37.14,0.35,Export NA,4.95,25.92,0.85,22.6,4.05,4.62,23.07,125.79,-6.33,17.25,15.84,-2.03,2.86,4.26,2.0,Banking and Finance,Finance (including NBFCs),2024-12-31,2025-01-27
54,122205.0,Praj Industries Ltd.,27.5888032906892,50.1648141258924,62.8659149697435,1069.3969,C,140.6195323863251,-0.2889870696339115,-0.5511161468329291,Praj Industries Ltd.,PRAJIND,522205.0,PRAJIND,INE074A01025,Industrial Machinery,527.95,527.95,9704.41,44.68,Export NA,40.08,50.85,76.05,52.89,51.56,-2.0,Export NA,4.08,2.13,7.47,72.23,13.34,13.18,11.82,-22.29,22.23,21.36,20.04,9.78,11.85,12.4,7.0,General Industrials,Industrial Machinery,2024-12-31,2025-04-29
55,132524.0,PTC India Ltd.,-1.4918205973685,59.9961523600423,37.8288353830701,1577.150765,C,96.3331671457439,-0.3893295037818635,-0.4223622839255106,PTC India Ltd.,PTC,532524.0,PTC,INE877F01012,Electric Utilities,182.36,182.36,5398.01,8.5,Export NA,10.67,8.26,75.07,25.86,32.17,0.34,Export NA,2.11,1.91,1.02,94.6,4.97,4.98,21.45,25.19,9.27,19.18,19.85,3.15,7.09,6.72,7.0,Utilities,Electric Utilities,2024-12-31,2025-02-12
56,100339.0,Rain Industries Ltd.,-2.17975647148013,9.37831616288274,124.153250051398,1593.070154,C,131.3518097428006,-0.3099855382146474,-0.4183255193232838,Rain Industries Ltd.,RAIN,500339.0,RAIN,INE855B01025,Petrochemicals,145.18,145.18,4883.07,-8.65,Export NA,3.77,7.2,,51.17,24.73,-0.22,Export NA,13.03,2.3,0.7,47.94,7.59,3.5,-16.78,39.84,-8.5,14.53,17.29,-2.97,9.9,10.64,2.0,Chemicals & Petrochemicals,Petrochemicals,2024-12-31,2025-05-08
57,100390.0,Reliance Infrastructure Ltd.,53.2250884941365,31.0179811547517,33.9317012265681,11648.45605,C,118.17477087545629,-0.339841593179391,2.1314724563844383,Reliance Infrastructure Ltd.,RELINFRA,500390.0,RELINFRA,INE036A01016,Electric Utilities,266.25,266.25,10546.99,31.97,Export NA,,,99.93,25.86,32.17,0.3,Export NA,2.11,1.91,0.84,98.69,4.97,4.98,8.33,108.27,-18.39,19.18,19.85,-2.71,7.09,6.72,6.0,Utilities,Electric Utilities,2024-12-31,2025-02-14
58,132915.0,Religare Enterprises Ltd.,366.228219689231,209.849241268885,511.594552853172,2498.48964,C,1087.672013811288,1.8568099659954622,-0.18873345826797475,Religare Enterprises Ltd.,RELIGARE,532915.0,RELIGARE,INE621H01010,Other Financial Services,220.0,220.0,7274.38,102.61,Export NA,37.82,37.82,83.28,21.62,43.72,-1.05,Export NA,4.95,4.89,2.97,61.36,4.05,11.37,2.14,-98.0,9.95,17.25,20.92,2.43,2.86,14.05,6.0,Banking and Finance,Other Financial Services,2024-12-31,2025-02-03
59,100366.0,Rolta India Ltd.,55.9532506938438,50.8722218885479,44.2027846502895,2028.683349,C,151.0282572326812,-0.265403359799387,-0.30786475190068135,Rolta India Ltd.,ROLTA,500366.0,ROLTA,INE293A01013,IT Consulting & Software,2.65,2.65,43.96,-0.04,Export NA,,,,27.64,26.51,,Export NA,5.09,5.29,-0.01,,8.69,8.78,-61.42,,0.0,31.36,33.12,-64.36,19.49,20.52,2.0,Software & Services,IT Consulting & Software,2024-03-31,2023-01-21
60,117334.0,Samvardhana Motherson International Ltd.,219.601556849554,100.132999141155,73.7151901641009,2387.54511,C,393.4497461548099,0.2838664246155946,-0.21686625604775714,Samvardhana Motherson International Ltd.,MOTHERSON,517334.0,MOTHERSON,INE775A01035,Auto Parts & Equipment,135.71,135.71,95489.56,23.15,Export NA,43.29,61.41,9.99,30.67,37.63,0.22,Export NA,3.29,2.11,2.93,34.41,6.56,8.02,5.86,106.39,10.38,22.1,17.48,3.19,10.64,9.23,6.0,Automobiles & Auto Components,Auto Parts & Equipment,2024-12-31,2025-02-14
61,200051.0,SEPC Ltd.,125.286017748736,158.461992889899,129.994615247715,532.9747255,C,413.74262588634997,0.32984529276322244,-0.6871395862922667,SEPC Ltd.,SEPC,532945.0,SEPC,INE964H01014,Construction & Engineering,15.71,15.71,2498.14,116.28,Export NA,144.51,144.51,64.53,40.59,34.35,0.18,Export NA,3.35,2.78,1.73,60.27,4.65,5.61,0.14,633.36,1.88,12.67,15.97,1.03,5.35,5.27,5.0,Cement and Construction ,Construction & Engineering,2024-12-31,2025-02-13
62,132670.0,Shree Renuka Sugars Ltd.,62.0406589037476,65.7842052159681,109.28162591607,2839.6284,C,237.1064900357857,-0.07037043353198306,-0.10222907855744962,Shree Renuka Sugars Ltd.,RENUKA,532670.0,RENUKA,INE087H01022,Sugar,30.08,30.08,6402.5,-12.73,Export NA,,,,41.6,26.19,1.97,Export NA,4.37,4.21,-4.04,,10.24,3.17,-2.36,-6.45,0.0,19.7,13.89,-6.16,14.51,7.96,3.0,Food Beverages & Tobacco,Sugar,2024-12-31,2025-02-11
63,123838.0,Simplex Infrastructures Ltd.,57.923675422062,64.9469021479046,61.0488468773747,771.771,C,183.9194244473413,-0.19087975050435166,-0.6265867379357599,Simplex Infrastructures Ltd.,SIMPLEXINF,523838.0,SIMPLEXINF,INE059B01024,Construction & Engineering,311.6,311.6,1780.57,13.46,Export NA,,,69.83,40.59,34.35,0.1,Export NA,3.35,2.78,9.07,100.0,4.65,5.61,23.14,139.68,-31.15,12.67,15.97,-0.69,5.35,5.27,2.0,Cement and Construction ,Construction & Engineering,2024-12-31,2025-02-14
64,132667.0,Suzlon Energy Ltd.,154.280743685179,89.1691097714755,178.147134955627,6352.792,C,421.5969884122815,0.34764142144190296,0.7886226031441408,Suzlon Energy Ltd.,SUZLON,532667.0,SUZLON,INE040H01021,Heavy Electrical Equipment,60.04,60.04,81947.55,71.66,Export NA,69.46,87.9,70.22,52.89,65.02,1.07,Export NA,4.08,5.76,18.23,11.06,13.34,17.37,0.84,66.66,16.84,21.36,22.24,9.19,11.85,14.76,6.0,General Industrials,Heavy Electrical Equipment,2024-12-31,2025-01-28
65,100570.0,Tata Motors Ltd.,273.117979444938,133.098587947137,89.4686998002018,9267.42,C,495.6852671922768,0.5155079463696376,1.5277004119130073,Tata Motors Ltd.,TATAMOTORS,500570.0,TATAMOTORS,INE155A01022,Cars & Utility Vehicles,659.9,659.9,242932.2,7.65,Export NA,55.73,55.73,11.82,30.67,26.34,0.12,Export NA,3.29,1.46,2.4,50.15,6.56,4.81,86.29,63.75,36.97,22.1,25.9,8.47,10.64,10.21,8.0,Automobiles & Auto Components,Cars & Utility Vehicles,2024-12-31,2025-05-13
66,100400.0,Tata Power Company Ltd.,35.9804502564212,64.4033026810701,46.0151544404089,16939.1502,C,146.3989073779002,-0.27589237217210566,3.4730620655037705,Tata Power Company Ltd.,TATAPOWER,500400.0,TATAPOWER,INE245A01021,Electric Utilities,394.3,394.3,125992.24,32.95,Export NA,31.15,37.96,70.24,25.86,32.17,4.82,Export NA,2.11,1.91,3.74,96.96,4.97,4.98,11.97,6.83,11.42,19.18,19.85,2.64,7.09,6.72,7.0,Utilities,Electric Utilities,2024-12-31,2025-05-14
67,100470.0,Tata Steel Ltd.,0.475152174338556,128.810337247538,89.7698958295193,15036.352,C,219.05538525139585,-0.11126996961460715,2.9905593501708556,Tata Steel Ltd.,TATASTEEL,500470.0,TATASTEEL,INE081A01020,Iron & Steel/Interm.Products,140.7,140.7,175643.29,64.31,Export NA,19.84,15.85,90.25,18.22,36.02,0.35,Export NA,1.55,0.6,1.95,87.67,5.66,2.72,2.19,181.67,-4.82,23.96,13.77,-1.62,10.88,6.59,2.0,Metals & Mining,Iron & Steel/Interm.Products,2024-12-31,2025-01-27
68,100260.0,The Ramco Cements Ltd.,38.3488456365854,51.7390976508909,40.2089691203232,1699.1013732,S,130.29691240779948,-0.3123756861934932,-0.3914386160383955,The Ramco Cements Ltd.,RAMCOCEM,500260.0,RAMCOCEM,INE331A01037,Cement & Cement Products,976.7,976.7,23078.68,61.66,Export NA,62.19,43.37,79.24,40.59,53.63,-31.43,Export NA,3.35,4.71,3.19,35.16,4.65,4.07,15.84,-1.96,4.97,12.67,9.89,2.21,5.35,5.51,6.0,Cement and Construction ,Cement & Cement Products,2024-12-31,2025-02-06
69,132856.0,Time Technoplast Ltd.,37.7593724496045,52.7813181240947,53.6507466367949,502.236,C,144.19143721049412,-0.28089397771600666,-0.6949341693014492,Time Technoplast Ltd.,TIMETECHNO,532856.0,TIMETECHNO,INE508G01029,Plastic Products,371.0,371.0,8419.07,22.71,Export NA,21.48,17.91,85.57,52.89,33.1,0.72,Export NA,4.08,4.22,3.14,91.57,13.34,7.56,16.34,31.64,12.17,21.36,16.41,7.54,11.85,12.3,9.0,General Industrials,Plastic Products,2024-12-31,2025-02-11
70,132356.0,Triveni Engineering & Industries Ltd.,5.05641976723592,46.0358874823171,56.8486673832177,2029.5156,C,107.94097463277072,-0.3630289561518723,-0.3076537135639105,Triveni Engineering & Industries Ltd.,TRIVENI,532356.0,TRIVENI,INE256C01024,Sugar,412.1,412.1,9020.79,40.78,Export NA,13.29,13.89,94.44,41.6,26.19,-0.85,Export NA,4.37,4.21,3.13,78.34,10.24,3.17,10.11,-47.88,13.62,19.7,13.89,7.72,14.51,7.96,3.0,Food Beverages & Tobacco,Sugar,2024-12-31,2025-02-04
71,107878.0,Unitech Ltd.,38.2317916439456,117.053537680912,90.7159778970376,5673.695625,C,246.00130722189522,-0.050216880561295585,0.6164205036728256,Unitech Ltd.,UNITECH,507878.0,UNITECH,INE694A01020,Realty,6.5,6.5,1700.6,-0.46,Export NA,,,,44.21,46.53,0.01,Export NA,3.89,4.18,-0.29,,5.6,6.28,-14.24,-54.9,0.0,9.66,10.57,-12.54,4.59,4.99,3.0,Realty,Realty,2024-12-31,2025-02-13
72,132432.0,United Spirits Ltd.,-4.00294379396493,92.799214416311,58.9546042535121,6508.090925,C,147.7508748758582,-0.2728291334326638,0.8280025820619171,United Spirits Ltd.,UNITDSPR,532432.0,UNITDSPR,INE854D01024,Breweries & Distilleries,1585.4,1585.4,115314.21,82.25,Export NA,68.14,88.28,74.66,41.6,97.19,7.85,Export NA,4.37,6.05,15.11,58.12,10.24,13.24,19.28,10.48,19.77,19.7,14.87,12.51,14.51,9.18,7.0,Food Beverages & Tobacco,Breweries & Distilleries,2024-12-31,2025-01-23
73,132822.0,Vodafone Idea Ltd.,66.6859360159462,60.0346548528157,46.1180196139132,15546.976425,C,172.83861048267508,-0.21598625539620886,3.1200411163286166,Vodafone Idea Ltd.,IDEA,532822.0,IDEA,INE669E01016,Telecom Services,7.99,7.99,86566.08,-3.1,Export NA,,,,40.07,,-0.45,Export NA,0.28,0.28,-1.53,,12.23,12.27,-2.57,6.97,0.0,9.74,6.81,-16.88,2.6,1.71,3.0,Telecom Services,Telecom Services,2024-12-31,2025-02-11
74,132144.0,Welspun Corp Ltd.,40.4777323875364,49.8388973287772,52.4907512341245,1388.43294,C,142.8073809504381,-0.28402992200444127,-0.4702164720334361,Welspun Corp Ltd.,WELCORP,532144.0,WELCORP,INE191B01025,Iron & Steel Products,771.0,771.0,20294.41,13.73,Export NA,33.45,21.45,39.68,18.22,22.97,0.37,Export NA,1.55,1.1,3.36,95.84,5.66,6.77,56.16,37.15,19.83,23.96,18.02,9.37,10.88,9.85,8.0,Metals & Mining,Iron & Steel Products,2024-12-31,2025-02-05
75,132300.0,Wockhardt Ltd.,19.9496337863577,48.277643662946,67.2266587121874,1184.6447,C,135.4539361614911,-0.30069108951022216,-0.5218921458662765,Wockhardt Ltd.,WOCKPHARMA,532300.0,WOCKPHARMA,INE049B01025,Pharmaceuticals,1411.9,1411.9,22941.34,-120.11,Export NA,,12.33,,40.48,40.18,-1.94,Export NA,5.74,5.72,6.75,99.89,8.22,8.34,-11.75,61.95,-13.78,16.9,17.11,-6.05,11.67,11.81,3.0,Pharmaceuticals & Biotechnology,Pharmaceuticals,2024-12-31,2025-02-07
